ID,Note,Amount,Category,Account,Currency,Date,Event,Exclude Report
1,ส่งไปยัง เครดิตUOB(บัตรหลัก),-31734.71,จ่ายบัตรเครดิต,บัวหลวง (ต่อ),THB,28/04/2026,,True
2,,-25,ข้าวเช้า,บัวหลวง (ต่อ),THB,28/04/2026,,False
3,,-35,ข้าวกลางวัน,บัวหลวง (ต่อ),THB,28/04/2026,,False
4,,-45,ขนม,บัวหลวง (ต่อ),THB,28/04/2026,,False
5,ได้รับจาก บัวหลวง (ต่อ),31734.71,รับค่าชำระบัตรเครดิต,เครดิตUOB(บัตรหลัก),THB,28/04/2026,,True
6,ได้รับจาก กสิกร (ต่อ),2787.51,โอนเงินเข้า,บัวหลวง (ต่อ),THB,27/04/2026,,True
7,,-37,ข้าวเช้า,บัวหลวง (ต่อ),THB,27/04/2026,,False
8,,-35,ข้าวกลางวัน,บัวหลวง (ต่อ),THB,27/04/2026,,False
9,,-60,กีฬา,บัวหลวง (ต่อ),THB,27/04/2026,,False
10,,-20,ขนม,บัวหลวง (ต่อ),THB,27/04/2026,,False
11,,-80,ขนม,บัวหลวง (ต่อ),THB,27/04/2026,,False
12,,-342,ค่าใช้จ่ายอื่นๆ,กสิกร (ต่อ),THB,27/04/2026,,False
13,ส่งไปยัง บัวหลวง (ต่อ),-2787.51,โอนเงินออก,กสิกร (ต่อ),THB,27/04/2026,,True
14,,7109.92,รับค่าชำระบัตรเครดิต,เครดิตกรุงศรี HomePro,THB,27/04/2026,,False
15,ได้รับจาก ไทยพาณิชย์ (ซัน),4844.92,โอนเงินเข้า,กสิกร(ซัน),THB,27/04/2026,,True
16,,-7109.92,จ่ายบัตรเครดิต,กสิกร(ซัน),THB,27/04/2026,,False
17,,1000,โอนเงินเข้า,สหกรณ์ มช.(หุ้น),THB,27/04/2026,,False
18,,-8,ค่าธรรมเนียม & ค่าบริการ,ไทยพาณิชย์ (ซัน),THB,27/04/2026,,False
19,OT,8300,เงินเดือน,ไทยพาณิชย์ (ซัน),THB,27/04/2026,,False
20,,6878.85,เงินเดือน,ไทยพาณิชย์ (ซัน),THB,27/04/2026,,False
21,ส่งไปยัง กสิกร(ซัน),-4844.92,โอนเงินออก,ไทยพาณิชย์ (ซัน),THB,27/04/2026,,True
22,ส่งไปยัง InnovestX(หุ้น),-1000,โอนเงินออก,ไทยพาณิชย์ (ซัน),THB,27/04/2026,,True
23,ส่งไปยัง สหกรณ์ มช.(บัญชี),-4000,โอนเงินออก,ไทยพาณิชย์ (ซัน),THB,27/04/2026,,True
24,บ้านหางดง,-26.34,ค่าไฟฟ้า,ไทยพาณิชย์ (ซัน),THB,27/04/2026,,False
25,หอ,-24,ค่าไฟฟ้า,ไทยพาณิชย์ (ซัน),THB,27/04/2026,,False
26,Amazon,-60,คาเฟ่,ไทยพาณิชย์ (ซัน),THB,27/04/2026,,False
27,,-35,ข้าวเย็น,ไทยพาณิชย์ (ซัน),THB,27/04/2026,,False
28,,-17,ของใช้ส่วนตัว,ไทยพาณิชย์ (ซัน),THB,27/04/2026,,False
29,,-80,ค่าส่วนกลางวอร์ด,ไทยพาณิชย์ (ซัน),THB,27/04/2026,,False
30,,8,เงินดอกเบี้ย,สหกรณ์ มช.(บัญชี),THB,27/04/2026,,False
31,,1000,โอนเงินเข้า,สหกรณ์ มช.(บัญชี),THB,27/04/2026,,False
32,ได้รับจาก ไทยพาณิชย์ (ซัน),4000,โอนเงินเข้า,สหกรณ์ มช.(บัญชี),THB,27/04/2026,,True
33,ได้รับจาก ไทยพาณิชย์ (ซัน),1000,โอนเงินเข้า,InnovestX(หุ้น),THB,27/04/2026,,True
34,,-2434.26,ค่าไฟฟ้า,บัวหลวง (ต่อ),THB,26/04/2026,,False
35,,-170,ข้าวเย็น,บัวหลวง (ต่อ),THB,26/04/2026,,False
36,,-150,กีฬา,บัวหลวง (ต่อ),THB,26/04/2026,,False
37,,-500,น้ำมันรถ,กสิกร (ต่อ),THB,26/04/2026,,False
38,,-174,ขนม,กสิกร (ต่อ),THB,26/04/2026,,False
39,,-799,ค่าAI,เครดิตUOB(บัตรหลัก),THB,26/04/2026,,False
40,,-6332.2,ค่าโรงแรม,เครดิตUOB(บัตรหลัก),THB,26/04/2026,,False
41,Oatmilk | Bleach | Fruit,-298,ของทำกับข้าว,เครดิตกรุงศรี Central,THB,26/04/2026,,False
42,ได้รับจาก ไทยพาณิชย์ (ซัน),298,โอนเงินเข้า,กสิกร(ซัน),THB,26/04/2026,,True
43,ส่งไปยัง กสิกร(ซัน),-298,โอนเงินออก,ไทยพาณิชย์ (ซัน),THB,26/04/2026,,True
44,สมดุล,-85,คาเฟ่,ไทยพาณิชย์ (ซัน),THB,26/04/2026,,False
45,ไม้แขวนเสื้อ,-88,ของใช้ภายในบ้าน,ไทยพาณิชย์ (ซัน),THB,26/04/2026,,False
46,ได้รับจาก กสิกร (ต่อ),100,โอนเงินเข้า,True (ต่อ),THB,25/04/2026,,True
47,ส่งไปยัง True (ต่อ),-100,โอนเงินออก,กสิกร (ต่อ),THB,25/04/2026,,True
48,,-273,ข้าวเย็น,กสิกร (ต่อ),THB,25/04/2026,เที่ยวกรุงเทพ,False
49,,-164,ซื้อของ7,True (ต่อ),THB,25/04/2026,,False
50,,-56,การเดินทาง,ไทยพาณิชย์ (ซัน),THB,25/04/2026,เที่ยวกรุงเทพ,False
51,,-90,การเดินทาง,ไทยพาณิชย์ (ซัน),THB,25/04/2026,เที่ยวกรุงเทพ,False
52,,-500,ค่าที่จอดรถ,ไทยพาณิชย์ (ซัน),THB,25/04/2026,เที่ยวกรุงเทพ,False
53,Starbuck,-215,คาเฟ่,ไทยพาณิชย์ (ซัน),THB,25/04/2026,เที่ยวกรุงเทพ,False
54,,-56,การเดินทาง,กสิกร (ต่อ),THB,24/04/2026,เที่ยวกรุงเทพ,False
55,,-90,การเดินทาง,กสิกร (ต่อ),THB,24/04/2026,เที่ยวกรุงเทพ,False
56,,-50,การเดินทาง,กสิกร (ต่อ),THB,24/04/2026,เที่ยวกรุงเทพ,False
57,,-264,ค่าใช้จ่ายอื่นๆ,กสิกร (ต่อ),THB,24/04/2026,เที่ยวกรุงเทพ,False
58,,-120,ค่าใช้จ่ายอื่นๆ,กสิกร (ต่อ),THB,24/04/2026,เที่ยวกรุงเทพ,False
59,,-160,คาเฟ่,กสิกร (ต่อ),THB,24/04/2026,เที่ยวกรุงเทพ,False
60,,-400,เสื้อผ้า,กสิกร (ต่อ),THB,24/04/2026,เที่ยวกรุงเทพ,False
61,,-1350,เสื้อผ้า,กสิกร (ต่อ),THB,24/04/2026,เที่ยวกรุงเทพ,False
62,,-159,ข้าวเช้า,กสิกร (ต่อ),THB,24/04/2026,เที่ยวกรุงเทพ,False
63,,-245,ข้าวกลางวัน,กสิกร (ต่อ),THB,24/04/2026,เที่ยวกรุงเทพ,False
64,,-150,ข้าวกลางวัน,กสิกร (ต่อ),THB,24/04/2026,เที่ยวกรุงเทพ,False
65,,-1450,ของเล่น,กสิกร (ต่อ),THB,24/04/2026,เที่ยวกรุงเทพ,False
66,,2939.58,โอนเงินเข้า,เครดิตUOB(บัตรหลัก),THB,24/04/2026,,False
67,,-72,ซื้อของ7,true (ซัน),THB,24/04/2026,เที่ยวกรุงเทพ,False
68,Jone's salad,-671,ร้านอาหาร,ไทยพาณิชย์ (ซัน),THB,24/04/2026,เที่ยวกรุงเทพ,False
69,Inthanin,-75,คาเฟ่,ไทยพาณิชย์ (ซัน),THB,24/04/2026,เที่ยวกรุงเทพ,False
70,อะเมซอน,-55,คาเฟ่,ไทยพาณิชย์ (ซัน),THB,24/04/2026,เที่ยวกรุงเทพ,False
71,น้ำเปล่า,-10,ข้าวเช้า,ไทยพาณิชย์ (ซัน),THB,24/04/2026,เที่ยวกรุงเทพ,False
72,ได้รับจาก กสิกร (ต่อ),200,โอนเงินเข้า,True (ต่อ),THB,23/04/2026,,True
73,เนื้อแท้,-747,ร้านอาหาร,กสิกร (ต่อ),THB,23/04/2026,เที่ยวกรุงเทพ,False
74,,-436,ร้านอาหาร,กสิกร (ต่อ),THB,23/04/2026,เที่ยวกรุงเทพ,False
75,,-532,ร้านอาหาร,กสิกร (ต่อ),THB,23/04/2026,เที่ยวกรุงเทพ,False
76,,-85,คาเฟ่,กสิกร (ต่อ),THB,23/04/2026,เที่ยวกรุงเทพ,False
77,ส่งไปยัง True (ต่อ),-200,โอนเงินออก,กสิกร (ต่อ),THB,23/04/2026,,True
78,,-82,ซื้อของ7,True (ต่อ),THB,23/04/2026,เที่ยวกรุงเทพ,False
79,,-6332,ค่าโรงแรม,เครดิตUOB(บัตรหลัก),THB,23/04/2026,เที่ยวกรุงเทพ,False
80,,-146,การเดินทาง,ไทยพาณิชย์ (ซัน),THB,23/04/2026,เที่ยวกรุงเทพ,False
81,Shift,4250,เงินเดือน,ไทยพาณิชย์ (ซัน),THB,23/04/2026,,False
82,,-1908,เสื้อผ้า,ไทยพาณิชย์ (ซัน),THB,23/04/2026,เที่ยวกรุงเทพ,False
83,,-500,เสื้อผ้า,ไทยพาณิชย์ (ซัน),THB,23/04/2026,เที่ยวกรุงเทพ,False
84,Fugu matcha,-115,คาเฟ่,ไทยพาณิชย์ (ซัน),THB,23/04/2026,เที่ยวกรุงเทพ,False
85,Oh juice,-240,คาเฟ่,ไทยพาณิชย์ (ซัน),THB,23/04/2026,เที่ยวกรุงเทพ,False
86,Chagee,-115,คาเฟ่,ไทยพาณิชย์ (ซัน),THB,23/04/2026,เที่ยวกรุงเทพ,False
87,,-110,ค่าใช้จ่ายอื่นๆ,บัวหลวง (ต่อ),THB,22/04/2026,,False
88,,-74,ข้าวเช้า,บัวหลวง (ต่อ),THB,22/04/2026,,False
89,,-35,ข้าวกลางวัน,บัวหลวง (ต่อ),THB,22/04/2026,,False
90,,-70,ขนม,บัวหลวง (ต่อ),THB,22/04/2026,,False
91,น้ำผลไม้,-218,ของทำกับข้าว,เครดิตกรุงศรี Central,THB,22/04/2026,,False
92,ได้รับจาก ไทยพาณิชย์ (ซัน),200,เงินเดือน,true (ซัน),THB,22/04/2026,,True
93,,-158,ซื้อของ7,true (ซัน),THB,22/04/2026,,False
94,,-55,ข้าว7,true (ซัน),THB,22/04/2026,,False
95,ได้รับจาก ไทยพาณิชย์ (ซัน),218,โอนเงินเข้า,กสิกร(ซัน),THB,22/04/2026,,True
96,ส่งไปยัง true (ซัน),-200,โอนเงินออก,ไทยพาณิชย์ (ซัน),THB,22/04/2026,,True
97,ส่งไปยัง กสิกร(ซัน),-218,โอนเงินออก,ไทยพาณิชย์ (ซัน),THB,22/04/2026,,True
98,,-140,ข้าวเย็น,ไทยพาณิชย์ (ซัน),THB,22/04/2026,,False
99,,-101,ของใช้ภายในบ้าน,บัวหลวง (ต่อ),THB,22/04/2026,,False
100,ได้รับจาก กสิกร(ซัน),4680.5,โอนเงินเข้า,บัวหลวง (ต่อ),THB,21/04/2026,,True
101,,-35,ข้าวกลางวัน,บัวหลวง (ต่อ),THB,21/04/2026,,False
102,,-40,ขนม,บัวหลวง (ต่อ),THB,21/04/2026,,False
103,,883.5,รับค่าชำระบัตรเครดิต,เครดิตกรุงศรี Central,THB,21/04/2026,,False
104,โฮลวีท | กล้วยหอม | Purra,-52,ข้าว7,true (ซัน),THB,21/04/2026,,False
105,ส่งไปยัง บัวหลวง (ต่อ),-4680.5,โอนเงินออก,กสิกร(ซัน),THB,21/04/2026,,True
106,Central,-883.5,จ่ายบัตรเครดิต,กสิกร(ซัน),THB,21/04/2026,,False
107,,-40,ข้าวกลางวัน,ไทยพาณิชย์ (ซัน),THB,21/04/2026,,False
108,,-160,ข้าวเย็น,ไทยพาณิชย์ (ซัน),THB,21/04/2026,,False
109,,-1000,ตัดผม,ไทยพาณิชย์ (ซัน),THB,21/04/2026,,False
110,ได้รับจาก กสิกร (ต่อ),100,โอนเงินเข้า,True (ต่อ),THB,20/04/2026,,True
111,ส่งไปยัง True (ต่อ),-100,โอนเงินออก,กสิกร (ต่อ),THB,20/04/2026,,True
112,,-69,ซื้อของ7,True (ต่อ),THB,20/04/2026,,False
113,,-28,ซื้อของ7,True (ต่อ),THB,20/04/2026,,False
114,,-500,น้ำมันรถ,เครดิตUOB(บัตรหลัก),THB,20/04/2026,,False
115,ได้รับจาก ไทยพาณิชย์ (ซัน),200,โอนเงินเข้า,true (ซัน),THB,20/04/2026,,True
116,Protein,-98,ข้าว7,true (ซัน),THB,20/04/2026,,False
117,Top up,3000,เงินเดือน,ไทยพาณิชย์ (ซัน),THB,20/04/2026,,False
118,ส่งไปยัง true (ซัน),-200,โอนเงินออก,ไทยพาณิชย์ (ซัน),THB,20/04/2026,,True
119,อะเมซอน,-125,คาเฟ่,ไทยพาณิชย์ (ซัน),THB,20/04/2026,,False
120,น้ำเปล่า,-8,ขนม,ไทยพาณิชย์ (ซัน),THB,20/04/2026,,False
121,,-48,ผลไม้,ไทยพาณิชย์ (ซัน),THB,20/04/2026,,False
122,,16200,โอนเงินเข้า,บัวหลวง (ต่อ),THB,19/04/2026,,False
123,ได้รับจาก กสิกร (ต่อ),100,โอนเงินเข้า,True (ต่อ),THB,19/04/2026,,True
124,Chawan,-450,ช้อปปิ้ง,กสิกร (ต่อ),THB,19/04/2026,,False
125,ส่งไปยัง True (ต่อ),-100,โอนเงินออก,กสิกร (ต่อ),THB,19/04/2026,,True
126,,-62,ซื้อของ7,True (ต่อ),THB,19/04/2026,,False
127,ของเล่นหลาน,-150,ครอบครัว,ไทยพาณิชย์ (ซัน),THB,19/04/2026,,False
128,,-40,ครอบครัว,ไทยพาณิชย์ (ซัน),THB,19/04/2026,,False
129,,-20,ค่าโทรศัพท์,ไทยพาณิชย์ (ซัน),THB,19/04/2026,,False
130,อรุณสวัสดิ์,-145,คาเฟ่,ไทยพาณิชย์ (ซัน),THB,19/04/2026,,False
131,GAGA,-145,คาเฟ่,ไทยพาณิชย์ (ซัน),THB,19/04/2026,,False
132,,-37,ข้าวเช้า,บัวหลวง (ต่อ),THB,18/04/2026,,False
133,,-32,ข้าวกลางวัน,บัวหลวง (ต่อ),THB,18/04/2026,,False
134,,-50,ขนม,บัวหลวง (ต่อ),THB,18/04/2026,,False
135,,-500,น้ำมันรถ,เครดิตUOB(บัตรหลัก),THB,18/04/2026,,False
136,ได้รับจาก ไทยพาณิชย์ (ซัน),200,โอนเงินเข้า,true (ซัน),THB,18/04/2026,,True
137,,-120,ข้าว7,true (ซัน),THB,18/04/2026,,False
138,,-230,ครอบครัว,ไทยพาณิชย์ (ซัน),THB,18/04/2026,,False
139,ส่งไปยัง true (ซัน),-200,โอนเงินออก,ไทยพาณิชย์ (ซัน),THB,18/04/2026,,True
140,น้ำฟิตเนส,-15,ขนม,ไทยพาณิชย์ (ซัน),THB,18/04/2026,,False
141,,-37,ข้าวเช้า,บัวหลวง (ต่อ),THB,17/04/2026,,False
142,,-35,ข้าวกลางวัน,บัวหลวง (ต่อ),THB,17/04/2026,,False
143,,-45,ขนม,บัวหลวง (ต่อ),THB,17/04/2026,,False
144,,-129,ล้างรถ,กสิกร (ต่อ),THB,17/04/2026,,False
145,,-45,คาเฟ่,ไทยพาณิชย์ (ซัน),THB,17/04/2026,,False
146,,-60,ข้าวเช้า,ไทยพาณิชย์ (ซัน),THB,17/04/2026,,False
147,,-120,ผลไม้,ไทยพาณิชย์ (ซัน),THB,17/04/2026,,False
148,,-299,ร้านอาหาร,บัวหลวง (ต่อ),THB,16/04/2026,,False
149,,-170,กีฬา,บัวหลวง (ต่อ),THB,16/04/2026,,False
150,Cold brew green tea,-30,ข้าว7,true (ซัน),THB,16/04/2026,,False
151,,-77,คาเฟ่,ไทยพาณิชย์ (ซัน),THB,16/04/2026,,False
152,Lotus,-190,ของใช้ภายในบ้าน,เครดิตUOB(บัตรหลัก),THB,16/04/2026,,False
153,พี่แมว,-11200,การรักษาพยาบาล,เครดิตUOB(บัตรหลัก),THB,15/04/2026,,False
154,SS insurance 4/10,-2281.03,ประกันภัย,เครดิตกรุงศรี HomePro,THB,15/04/2026,,False
155,Garmin 6/10,-1131.9,shoppe,เครดิตกรุงศรี HomePro,THB,15/04/2026,,False
156,,-260,ครอบครัว,ไทยพาณิชย์ (ซัน),THB,15/04/2026,,False
157,,-115,คาเฟ่,ไทยพาณิชย์ (ซัน),THB,15/04/2026,,False
158,,-20,ขนม,ไทยพาณิชย์ (ซัน),THB,15/04/2026,,False
159,ข้าว | Jele | IF | Yogurt,-92,ข้าว7,true (ซัน),THB,14/04/2026,,False
160,,-75,คาเฟ่,ไทยพาณิชย์ (ซัน),THB,14/04/2026,,False
161,,-164,คาเฟ่,ไทยพาณิชย์ (ซัน),THB,14/04/2026,,False
162,,-60,ข้าวกลางวัน,ไทยพาณิชย์ (ซัน),THB,14/04/2026,,False
163,,-100,คาเฟ่,ไทยพาณิชย์ (ซัน),THB,13/04/2026,,False
164,,-89,ข้าวกลางวัน,ไทยพาณิชย์ (ซัน),THB,13/04/2026,,False
165,,-140,ขนม,ไทยพาณิชย์ (ซัน),THB,13/04/2026,,False
166,,-480,ร้านอาหาร,กสิกร (ต่อ),THB,12/04/2026,,False
167,KFC,-258,ร้านอาหาร,กสิกร (ต่อ),THB,12/04/2026,,False
168,Minimal,-125,ข้าวgrab,เครดิตUOB(บัตรหลัก),THB,12/04/2026,,False
169,Yogurt | Jele,-37,ข้าว7,true (ซัน),THB,12/04/2026,,False
170,,-254,ครอบครัว,ไทยพาณิชย์ (ซัน),THB,12/04/2026,,False
171,,-110,คาเฟ่,ไทยพาณิชย์ (ซัน),THB,12/04/2026,,False
172,,-20,ขนม,ไทยพาณิชย์ (ซัน),THB,12/04/2026,,False
173,,-108.5,ค่าน้ำประปา,บัวหลวง (ต่อ),THB,11/04/2026,,False
174,,-206,ข้าวเย็น,บัวหลวง (ต่อ),THB,11/04/2026,,False
175,,-424.5,ของทำกับข้าว,กสิกร (ต่อ),THB,11/04/2026,,False
176,,-500,น้ำมันรถ,เครดิตUOB(บัตรหลัก),THB,11/04/2026,,False
177,ได้รับจาก ไทยพาณิชย์ (ซัน),261,โอนเงินเข้า,กสิกร(ซัน),THB,11/04/2026,,True
178,ส่งไปยัง กสิกร(ซัน),-261,โอนเงินออก,ไทยพาณิชย์ (ซัน),THB,11/04/2026,,True
179,,-19,ค่าน้ำประปา,ไทยพาณิชย์ (ซัน),THB,11/04/2026,,False
180,,-55,คาเฟ่,ไทยพาณิชย์ (ซัน),THB,11/04/2026,,False
181,,-230,ข้าวเช้า,ไทยพาณิชย์ (ซัน),THB,11/04/2026,,False
182,,-50,ขนม,ไทยพาณิชย์ (ซัน),THB,11/04/2026,,False
183,,-37,ข้าวเช้า,บัวหลวง (ต่อ),THB,10/04/2026,,False
184,,-32,ข้าวกลางวัน,บัวหลวง (ต่อ),THB,10/04/2026,,False
185,,-70,ขนม,บัวหลวง (ต่อ),THB,10/04/2026,,False
186,,-174,ข้าวgrab,เครดิตUOB(บัตรหลัก),THB,10/04/2026,,False
187,,-35,ข้าวเช้า,ไทยพาณิชย์ (ซัน),THB,10/04/2026,,False
188,,-87,grabเดินทาง,เครดิตUOB(บัตรหลัก),THB,10/04/2026,,False
189,ถุงขยะ,-200,ของใช้ภายในบ้าน,ไทยพาณิชย์ (ซัน),THB,10/04/2026,,False
190,,-37,ข้าวเช้า,บัวหลวง (ต่อ),THB,09/04/2026,,False
191,,-35,ข้าวกลางวัน,บัวหลวง (ต่อ),THB,09/04/2026,,False
192,,-20,ข้าวเย็น,บัวหลวง (ต่อ),THB,09/04/2026,,False
193,,-160,กีฬา,บัวหลวง (ต่อ),THB,09/04/2026,,False
194,,-42,ขนม,บัวหลวง (ต่อ),THB,09/04/2026,,False
195,,-29,ซื้อของ7,true (ซัน),THB,09/04/2026,,False
196,Sanwish | Purra,-33,ข้าว7,true (ซัน),THB,09/04/2026,,False
197,,-98,เพื่อน & คนรัก,เครดิตกรุงศรี HomePro,THB,09/04/2026,,False
198,,-70,คาเฟ่,ไทยพาณิชย์ (ซัน),THB,09/04/2026,,False
199,,-55,ข้าวกลางวัน,ไทยพาณิชย์ (ซัน),THB,09/04/2026,,False
200,,-80,ข้าวเย็น,ไทยพาณิชย์ (ซัน),THB,09/04/2026,,False
201,,-29,ขนม,ไทยพาณิชย์ (ซัน),THB,09/04/2026,,False
202,น้ำฟิตเนส,-15,ขนม,ไทยพาณิชย์ (ซัน),THB,09/04/2026,,False
203,ส่งไปยัง เงินลงทุน(หุ้น),-10265,การลงทุน,บัวหลวง (ต่อ),THB,08/04/2026,,True
204,,-37,ข้าวเช้า,บัวหลวง (ต่อ),THB,08/04/2026,,False
205,,-32,ข้าวกลางวัน,บัวหลวง (ต่อ),THB,08/04/2026,,False
206,,-55,ข้าวเย็น,บัวหลวง (ต่อ),THB,08/04/2026,,False
207,,-42,ขนม,บัวหลวง (ต่อ),THB,08/04/2026,,False
208,ได้รับจาก บัวหลวง (ต่อ),10265,โอนเงินเข้า,เงินลงทุน(หุ้น),THB,08/04/2026,,True
209,,-948,ค่าอินเตอร์เน็ต,เครดิตUOB(บัตรหลัก),THB,08/04/2026,,False
210,ได้รับจาก ไทยพาณิชย์ (ซัน),200,โอนเงินเข้า,true (ซัน),THB,08/04/2026,,True
211,ส่งไปยัง true (ซัน),-200,โอนเงินออก,ไทยพาณิชย์ (ซัน),THB,08/04/2026,,True
212,,-90,น้ำมันรถ,ไทยพาณิชย์ (ซัน),THB,08/04/2026,,False
213,,-50,คาเฟ่,ไทยพาณิชย์ (ซัน),THB,08/04/2026,,False
214,,-30,ข้าวกลางวัน,ไทยพาณิชย์ (ซัน),THB,08/04/2026,,False
215,,-45,ข้าวเย็น,ไทยพาณิชย์ (ซัน),THB,08/04/2026,,False
216,,-60,ผลไม้,ไทยพาณิชย์ (ซัน),THB,08/04/2026,,False
217,,-37,ข้าวเช้า,บัวหลวง (ต่อ),THB,07/04/2026,,False
218,,-30,ข้าวกลางวัน,บัวหลวง (ต่อ),THB,07/04/2026,,False
219,,-25,ข้าวเย็น,บัวหลวง (ต่อ),THB,07/04/2026,,False
220,,-42,ขนม,บัวหลวง (ต่อ),THB,07/04/2026,,False
221,,-285,ปาตี้,กสิกร (ต่อ),THB,07/04/2026,,False
222,Buff,-329,ของใช้ส่วนตัว,เครดิตUOB(บัตรหลัก),THB,07/04/2026,,False
223,ได้รับจาก ไทยพาณิชย์ (ซัน),200,โอนเงินเข้า,true (ซัน),THB,07/04/2026,,True
224,ward,-232,ข้าว7,true (ซัน),THB,07/04/2026,,False
225,ได้รับจาก ไทยพาณิชย์ (ซัน),450,โอนเงินเข้า,กสิกร(ซัน),THB,07/04/2026,,True
226,7-11,115,การชำระเงิน,ไทยพาณิชย์ (ซัน),THB,07/04/2026,,False
227,ส่งไปยัง true (ซัน),-200,โอนเงินออก,ไทยพาณิชย์ (ซัน),THB,07/04/2026,,True
228,ส่งไปยัง กสิกร(ซัน),-450,โอนเงินออก,ไทยพาณิชย์ (ซัน),THB,07/04/2026,,True
229,,-45,ข้าวกลางวัน,ไทยพาณิชย์ (ซัน),THB,07/04/2026,,False
230,,-47,grabเดินทาง,เครดิตUOB(บัตรหลัก),THB,07/04/2026,,False
231,,-74,grabเดินทาง,เครดิตUOB(บัตรหลัก),THB,07/04/2026,,False
232,,-25,ข้าวเช้า,บัวหลวง (ต่อ),THB,06/04/2026,,False
233,,-30,ข้าวกลางวัน,บัวหลวง (ต่อ),THB,06/04/2026,,False
234,,-100,ข้าวเย็น,บัวหลวง (ต่อ),THB,06/04/2026,,False
235,,-150,กีฬา,บัวหลวง (ต่อ),THB,06/04/2026,,False
236,,-60,ขนม,บัวหลวง (ต่อ),THB,06/04/2026,,False
237,,-500,น้ำมันรถ,เครดิตUOB(บัตรหลัก),THB,06/04/2026,,False
238,,-20,ข้าว7,true (ซัน),THB,06/04/2026,,False
239,Chatramue,-65,คาเฟ่,ไทยพาณิชย์ (ซัน),THB,06/04/2026,,False
240,,-70,ข้าวกลางวัน,ไทยพาณิชย์ (ซัน),THB,06/04/2026,,False
241,,-116,ข้าวเย็น,ไทยพาณิชย์ (ซัน),THB,06/04/2026,,False
242,,54302.56,เงินเดือน,บัวหลวง (ต่อ),THB,05/04/2026,,False
243,,265,รายได้อื่นๆ,บัวหลวง (ต่อ),THB,05/04/2026,,False
244,,887,รายได้อื่นๆ,บัวหลวง (ต่อ),THB,05/04/2026,,False
245,ส่งไปยัง กสิกร (ต่อ),-14440,โอนเงินออก,บัวหลวง (ต่อ),THB,05/04/2026,,True
246,ประกันรถ,-880,จ่ายบัตรเครดิต,บัวหลวง (ต่อ),THB,05/04/2026,,False
247,ส่งไปยัง เครดิตUOB,-33547.68,จ่ายบัตรเครดิต,บัวหลวง (ต่อ),THB,05/04/2026,,True
248,,-99,ข้าวเย็น,บัวหลวง (ต่อ),THB,05/04/2026,,False
249,,-690,shoppe,บัวหลวง (ต่อ),THB,05/04/2026,,False
250,,-293.35,ช้อปปิ้ง,กสิกร (ต่อ),THB,05/04/2026,,False
251,,-17,ค่าใช้จ่ายอื่นๆ,กสิกร (ต่อ),THB,05/04/2026,,False
252,,-988.6,ร้านอาหาร,กสิกร (ต่อ),THB,05/04/2026,,False
253,,-400,ค่าส่วนกลางหมู่บ้าน,กสิกร (ต่อ),THB,05/04/2026,,False
254,ได้รับจาก บัวหลวง (ต่อ),14440,โอนเงินเข้า,กสิกร (ต่อ),THB,05/04/2026,,True
255,ได้รับจาก บัวหลวง (ต่อ),33547.68,รับค่าชำระบัตรเครดิต,เครดิตUOB(บัตรหลัก),THB,05/04/2026,,True
256,,-126,ข้าว7,true (ซัน),THB,05/04/2026,,False
257,ส่งไปยัง สหกรณ์ มช.(บัญชี),-13000,โอนเงินออก,กสิกร เงินเก็บ,THB,05/04/2026,,True
258,,-8,ค่าธรรมเนียม & ค่าบริการ,ไทยพาณิชย์ (ซัน),THB,05/04/2026,,False
259,,-95,คาเฟ่,ไทยพาณิชย์ (ซัน),THB,05/04/2026,,False
260,ได้รับจาก กสิกร เงินเก็บ,13000,โอนเงินเข้า,สหกรณ์ มช.(บัญชี),THB,05/04/2026,,True
261,ได้รับจาก ไทยพาณิชย์ (ซัน),1000,โอนเงินเข้า,InnovestX(หุ้น),THB,05/04/2026,,True
262,,-60,คาเฟ่,บัวหลวง (ต่อ),THB,04/04/2026,,False
263,,-60,ข้าวเช้า,บัวหลวง (ต่อ),THB,04/04/2026,,False
264,,-150,กีฬา,บัวหลวง (ต่อ),THB,04/04/2026,,False
265,LaRoche | Parfum,-466,ของใช้ส่วนตัว,เครดิตกรุงศรี HomePro,THB,04/04/2026,,False
266,ส่งไปยัง InnovestX(หุ้น),-1000,โอนเงินออก,ไทยพาณิชย์ (ซัน),THB,04/04/2026,,True
267,Amazon,-55,คาเฟ่,ไทยพาณิชย์ (ซัน),THB,04/04/2026,,False
268,น้ำฟิตเนส,-15,ขนม,ไทยพาณิชย์ (ซัน),THB,04/04/2026,,False
269,,-279,ร้านอาหาร,เครดิตUOB(บัตรหลัก),THB,03/04/2026,,False
270,,-830,น้ำมันรถ,เครดิตUOB(บัตรหลัก),THB,03/04/2026,,False
271,Sanwish | Purra,-36,ข้าว7,true (ซัน),THB,03/04/2026,,False
272,ได้รับจาก ไทยพาณิชย์ (ซัน),7000,โอนเงินเข้า,กสิกร(ซัน),THB,03/04/2026,,True
273,ส่งไปยัง กสิกร(ซัน),-7000,โอนเงินออก,ไทยพาณิชย์ (ซัน),THB,03/04/2026,,True
274,,-9,คาเฟ่,ไทยพาณิชย์ (ซัน),THB,03/04/2026,,False
275,,-50,ข้าวเช้า,ไทยพาณิชย์ (ซัน),THB,03/04/2026,,False
276,,-20,ขนม,ไทยพาณิชย์ (ซัน),THB,03/04/2026,,False
277,,-150,ตัดผม,ไทยพาณิชย์ (ซัน),THB,03/04/2026,,False
278,,-60,ค่าส่วนกลางวอร์ด,ไทยพาณิชย์ (ซัน),THB,03/04/2026,,False
279,,-1538,ค่าใช้จ่ายอื่นๆ,บัวหลวง (ต่อ),THB,02/04/2026,,False
280,,-210,ข้าวgrab,เครดิตUOB(บัตรหลัก),THB,02/04/2026,,False
281,Top,-355,ของทำกับข้าว,เครดิตUOB(บัตรหลัก),THB,02/04/2026,,False
282,,-55,ข้าวเช้า,ไทยพาณิชย์ (ซัน),THB,02/04/2026,,False
283,Gym member,-1339,กีฬา,เครดิตUOB(บัตรหลัก),THB,01/04/2026,,False
284,Purra | Protein,-45,ข้าว7,true (ซัน),THB,01/04/2026,,False
285,,-75,คาเฟ่,ไทยพาณิชย์ (ซัน),THB,01/04/2026,,False
286,ขนม | น้ำเปล่า,-90,ขนม,ไทยพาณิชย์ (ซัน),THB,01/04/2026,,False
287,,-37,ข้าวเช้า,บัวหลวง (ต่อ),THB,31/03/2026,,False
288,,-47,ข้าวกลางวัน,บัวหลวง (ต่อ),THB,31/03/2026,,False
289,,-45,ขนม,บัวหลวง (ต่อ),THB,31/03/2026,,False
290,,-329.5,ของทำกับข้าว,เครดิตUOB(บัตรหลัก),THB,31/03/2026,,False
291,,-507,ของทำกับข้าว,เครดิตUOB(บัตรหลัก),THB,31/03/2026,,False
292,Purra | กล้วยหอม,-21,ข้าว7,true (ซัน),THB,31/03/2026,,False
293,,5000,การชำระเงิน,ไทยพาณิชย์ (ซัน),THB,31/03/2026,,False
294,License,1500,เงินเดือน,ไทยพาณิชย์ (ซัน),THB,31/03/2026,,False
295,,-55,คาเฟ่,ไทยพาณิชย์ (ซัน),THB,31/03/2026,,False
296,Mask N95,-63,ค่ายา,ไทยพาณิชย์ (ซัน),THB,31/03/2026,,False
297,,-10,ของใช้ส่วนตัว,ไทยพาณิชย์ (ซัน),THB,31/03/2026,,False
298,,15.81,เงินดอกเบี้ย,สหกรณ์ มช.(บัญชี),THB,31/03/2026,,False
299,,-37,ข้าวเช้า,บัวหลวง (ต่อ),THB,30/03/2026,,False
300,,-47,ข้าวกลางวัน,บัวหลวง (ต่อ),THB,30/03/2026,,False
301,,-130,ข้าวเย็น,บัวหลวง (ต่อ),THB,30/03/2026,,False
302,,-150,กีฬา,บัวหลวง (ต่อ),THB,30/03/2026,,False
303,,-55,ขนม,บัวหลวง (ต่อ),THB,30/03/2026,,False
304,,-500,น้ำมันรถ,เครดิตUOB(บัตรหลัก),THB,30/03/2026,,False
305,ได้รับจาก ไทยพาณิชย์ (ซัน),2000,โอนเงินเข้า,กสิกร เงินเก็บ,THB,30/03/2026,,True
306,ส่งไปยัง กสิกร เงินเก็บ,-2000,โอนเงินออก,ไทยพาณิชย์ (ซัน),THB,30/03/2026,,True
307,AI Conference,1000,โอนเงินเข้า,ไทยพาณิชย์ (ซัน),THB,30/03/2026,,False
308,,-55,ข้าวเช้า,ไทยพาณิชย์ (ซัน),THB,30/03/2026,,False
309,,-54,ข้าวเย็น,ไทยพาณิชย์ (ซัน),THB,30/03/2026,,False
310,,-97,ค่าใช้จ่ายอื่นๆ,บัวหลวง (ต่อ),THB,29/03/2026,,False
311,,-156,ร้านอาหาร,บัวหลวง (ต่อ),THB,29/03/2026,,False
312,,-297,ร้านอาหาร,บัวหลวง (ต่อ),THB,29/03/2026,,False
313,,-192,ข้าวเย็น,บัวหลวง (ต่อ),THB,29/03/2026,,False
314,GAGA,-145,คาเฟ่,ไทยพาณิชย์ (ซัน),THB,29/03/2026,,False
315,Matcha,-110,คาเฟ่,ไทยพาณิชย์ (ซัน),THB,29/03/2026,,False
316,,-70,ค่าส่วนกลางวอร์ด,ไทยพาณิชย์ (ซัน),THB,29/03/2026,,False
317,,-62,ข้าวเช้า,บัวหลวง (ต่อ),THB,28/03/2026,,False
318,,-35,ข้าวกลางวัน,บัวหลวง (ต่อ),THB,28/03/2026,,False
319,,-55,ข้าวเย็น,บัวหลวง (ต่อ),THB,28/03/2026,,False
320,,-150,กีฬา,บัวหลวง (ต่อ),THB,28/03/2026,,False
321,,-42,ขนม,บัวหลวง (ต่อ),THB,28/03/2026,,False
322,,-20,ขนม,บัวหลวง (ต่อ),THB,28/03/2026,,False
323,,-500,น้ำมันรถ,เครดิตUOB(บัตรหลัก),THB,28/03/2026,,False
324,,-799,ค่าAI,เครดิตUOB(บัตรหลัก),THB,28/03/2026,,False
325,,-77,ข้าวgrab,เครดิตUOB(บัตรหลัก),THB,28/03/2026,,False
326,Ice,-11,ข้าว7,true (ซัน),THB,28/03/2026,,False
327,,-522.16,ร้านอาหาร,ไทยพาณิชย์ (ซัน),THB,28/03/2026,,False
328,Chatramue,-125,คาเฟ่,ไทยพาณิชย์ (ซัน),THB,28/03/2026,,False
329,,-65,ข้าวเช้า,ไทยพาณิชย์ (ซัน),THB,28/03/2026,,False
330,Lotus,-1289,ของใช้ภายในบ้าน,เครดิตUOB(บัตรหลัก),THB,28/03/2026,,False
331,,10,รายได้อื่นๆ,บัวหลวง (ต่อ),THB,27/03/2026,,False
332,,-42,ข้าวเช้า,บัวหลวง (ต่อ),THB,27/03/2026,,False
333,,-1584.63,ค่าไฟฟ้า,กสิกร (ต่อ),THB,27/03/2026,,False
334,,-238,ข้าวเย็น,กสิกร (ต่อ),THB,27/03/2026,,False
335,,-118,คาเฟ่,เครดิตUOB(บัตรหลัก),THB,27/03/2026,,False
336,Fitwhey,-4013,อาหารเสริม,เครดิตUOB(บัตรหลัก),THB,27/03/2026,,False
337,,-71,ซื้อของ7,true (ซัน),THB,27/03/2026,,False
338,Protein,-108,ข้าว7,true (ซัน),THB,27/03/2026,,False
339,ได้รับจาก ไทยพาณิชย์ (ซัน),118,โอนเงินเข้า,กสิกร(ซัน),THB,27/03/2026,,True
340,,1000,โอนเงินเข้า,สหกรณ์ มช.(หุ้น),THB,27/03/2026,,False
341,OT,6600,เงินเดือน,ไทยพาณิชย์ (ซัน),THB,27/03/2026,,False
342,ส่งไปยัง กสิกร(ซัน),-118,โอนเงินออก,ไทยพาณิชย์ (ซัน),THB,27/03/2026,,True
343,,-49,ของใช้ส่วนตัว,ไทยพาณิชย์ (ซัน),THB,27/03/2026,,False
344,,-2500,คลินิกผิว,เครดิตUOB(บัตรหลัก),THB,27/03/2026,,False
345,,-730,คลินิกผิว,เครดิตUOB(บัตรหลัก),THB,27/03/2026,,False
346,,-42,ข้าวเช้า,บัวหลวง (ต่อ),THB,26/03/2026,,False
347,,-37,ข้าวเช้า,บัวหลวง (ต่อ),THB,26/03/2026,,False
348,,-150,กีฬา,บัวหลวง (ต่อ),THB,26/03/2026,,False
349,,-35,ขนม,บัวหลวง (ต่อ),THB,26/03/2026,,False
350,,-129,ล้างรถ,บัวหลวง (ต่อ),THB,26/03/2026,,False
351,ได้รับจาก ไทยพาณิชย์ (ซัน),500,โอนเงินเข้า,true (ซัน),THB,26/03/2026,,True
352,Protein,-98,ข้าว7,true (ซัน),THB,26/03/2026,,False
353,,8000,รับค่าชำระบัตรเครดิต,เครดิตกรุงศรี HomePro,THB,26/03/2026,,False
354,ได้รับจาก ไทยพาณิชย์ (ซัน),3725.4,โอนเงินเข้า,กสิกร(ซัน),THB,26/03/2026,,True
355,,-8000,จ่ายบัตรเครดิต,กสิกร(ซัน),THB,26/03/2026,,False
356,,7135.6,เงินเดือน,ไทยพาณิชย์ (ซัน),THB,26/03/2026,,False
357,ส่งไปยัง true (ซัน),-500,โอนเงินออก,ไทยพาณิชย์ (ซัน),THB,26/03/2026,,True
358,ส่งไปยัง กสิกร(ซัน),-3725.4,โอนเงินออก,ไทยพาณิชย์ (ซัน),THB,26/03/2026,,True
359,หอพัก,-27,ค่าไฟฟ้า,ไทยพาณิชย์ (ซัน),THB,26/03/2026,,False
360,,-50,ข้าวกลางวัน,ไทยพาณิชย์ (ซัน),THB,26/03/2026,,False
361,,-50,ข้าวเย็น,ไทยพาณิชย์ (ซัน),THB,26/03/2026,,False
362,Mask,-70,ค่ายา,ไทยพาณิชย์ (ซัน),THB,26/03/2026,,False
363,,-35,ค่าส่วนกลางวอร์ด,ไทยพาณิชย์ (ซัน),THB,26/03/2026,,False
364,,1000,โอนเงินเข้า,สหกรณ์ มช.(บัญชี),THB,26/03/2026,,False
365,,-30,ข้าวเช้า,บัวหลวง (ต่อ),THB,25/03/2026,,False
366,,-37,ข้าวเช้า,บัวหลวง (ต่อ),THB,25/03/2026,,False
367,,-38,ข้าวกลางวัน,บัวหลวง (ต่อ),THB,25/03/2026,,False
368,,-60,กีฬา,บัวหลวง (ต่อ),THB,25/03/2026,,False
369,,-42,ขนม,บัวหลวง (ต่อ),THB,25/03/2026,,False
370,ได้รับจาก ไทยพาณิชย์ (ซัน),200,โอนเงินเข้า,true (ซัน),THB,25/03/2026,,True
371,,-126,ข้าว7,true (ซัน),THB,25/03/2026,,False
372,Dermatrix,-337,ของใช้ส่วนตัว,เครดิตกรุงศรี HomePro,THB,25/03/2026,,False
373,Cerave,-984,ของใช้ส่วนตัว,เครดิตกรุงศรี HomePro,THB,25/03/2026,,False
374,Konvy,-658,ของใช้ส่วนตัว,เครดิตกรุงศรี HomePro,THB,25/03/2026,,False
375,ส่งไปยัง true (ซัน),-200,โอนเงินออก,ไทยพาณิชย์ (ซัน),THB,25/03/2026,,True
376,บ้านหางดง,-26.34,ค่าไฟฟ้า,ไทยพาณิชย์ (ซัน),THB,25/03/2026,,False
377,Amazon,-50,คาเฟ่,ไทยพาณิชย์ (ซัน),THB,25/03/2026,,False
378,,-55,ข้าวเช้า,ไทยพาณิชย์ (ซัน),THB,25/03/2026,,False
379,,-20,ขนม,ไทยพาณิชย์ (ซัน),THB,25/03/2026,,False
380,,5000,โอนเงินเข้า,บัวหลวง (ต่อ),THB,24/03/2026,,False
381,,-57,ข้าวเช้า,บัวหลวง (ต่อ),THB,24/03/2026,,False
382,,-47,ข้าวกลางวัน,บัวหลวง (ต่อ),THB,24/03/2026,,False
383,,-42,ขนม,บัวหลวง (ต่อ),THB,24/03/2026,,False
384,Protein | Oatside,-216,ของทำกับข้าว,เครดิตกรุงศรี Central,THB,24/03/2026,,False
385,,-70,น้ำมันรถ,ไทยพาณิชย์ (ซัน),THB,24/03/2026,,False
386,,-35,ข้าวกลางวัน,ไทยพาณิชย์ (ซัน),THB,24/03/2026,,False
387,,-86,grabเดินทาง,เครดิตกรุงศรี HomePro,THB,24/03/2026,,False
388,,-30,ค่าส่วนกลางวอร์ด,ไทยพาณิชย์ (ซัน),THB,24/03/2026,,False
389,,-37,ข้าวเช้า,บัวหลวง (ต่อ),THB,23/03/2026,,False
390,,-47,ข้าวกลางวัน,บัวหลวง (ต่อ),THB,23/03/2026,,False
391,,-58,ขนม,บัวหลวง (ต่อ),THB,23/03/2026,,False
392,,-50,ค่าใช้จ่ายอื่นๆ,True (ต่อ),THB,23/03/2026,,False
393,ได้รับจาก กสิกร (ต่อ),100.3,โอนเงินเข้า,True (ต่อ),THB,23/03/2026,,True
394,ส่งไปยัง True (ต่อ),-100.3,โอนเงินออก,กสิกร (ต่อ),THB,23/03/2026,,True
395,,-106,ข้าว7,True (ต่อ),THB,23/03/2026,,False
396,,-460,น้ำมันรถ,เครดิตUOB(บัตรหลัก),THB,23/03/2026,,False
397,,-44,ข้าว7,true (ซัน),THB,23/03/2026,,False
398,Shift,2650,เงินเดือน,ไทยพาณิชย์ (ซัน),THB,23/03/2026,,False
399,,-35,ข้าวกลางวัน,ไทยพาณิชย์ (ซัน),THB,23/03/2026,,False
400,,-235,ร้านอาหาร,บัวหลวง (ต่อ),THB,22/03/2026,,False
401,,-503,ร้านอาหาร,เครดิตUOB(บัตรหลัก),THB,22/03/2026,,False
402,,-970,การรักษาพยาบาล,เครดิตUOB(บัตรหลัก),THB,22/03/2026,,False
403,,4491.65,รับค่าชำระบัตรเครดิต,เครดิตกรุงศรี Central,THB,22/03/2026,,False
404,ได้รับจาก ไทยพาณิชย์ (ซัน),1000,โอนเงินเข้า,กสิกร(ซัน),THB,22/03/2026,,True
405,ได้รับจาก ไทยพาณิชย์ (ซัน),322,โอนเงินเข้า,กสิกร(ซัน),THB,22/03/2026,,True
406,,-4491.65,จ่ายบัตรเครดิต,กสิกร(ซัน),THB,22/03/2026,,False
407,Muji,-110,ค่าใช้จ่ายอื่นๆ,ไทยพาณิชย์ (ซัน),THB,22/03/2026,,False
408,ส่งไปยัง กสิกร(ซัน),-1000,โอนเงินออก,ไทยพาณิชย์ (ซัน),THB,22/03/2026,,True
409,ส่งไปยัง กสิกร(ซัน),-322,โอนเงินออก,ไทยพาณิชย์ (ซัน),THB,22/03/2026,,True
410,Bear house,-139,คาเฟ่,ไทยพาณิชย์ (ซัน),THB,22/03/2026,,False
411,,-90,ค่ายา,ไทยพาณิชย์ (ซัน),THB,22/03/2026,,False
412,,-395,ของใช้ส่วนตัว,ไทยพาณิชย์ (ซัน),THB,22/03/2026,,False
413,Yamazaki,-162,ขนม,ไทยพาณิชย์ (ซัน),THB,22/03/2026,,False
414,,-180,ร้านอาหาร,บัวหลวง (ต่อ),THB,21/03/2026,,False
415,,-60,คาเฟ่,บัวหลวง (ต่อ),THB,21/03/2026,,False
416,,-150,กีฬา,บัวหลวง (ต่อ),THB,21/03/2026,,False
417,,-50,ค่ายา,บัวหลวง (ต่อ),THB,21/03/2026,,False
418,,-110,ข้าว7,true (ซัน),THB,21/03/2026,,False
419,ward,-322,ข้าวgrab,เครดิตกรุงศรี HomePro,THB,21/03/2026,,False
420,,-80,ข้าวgrab,เครดิตกรุงศรี HomePro,THB,21/03/2026,,False
421,ข้าว Grab ward,210,การชำระเงิน,ไทยพาณิชย์ (ซัน),THB,21/03/2026,,False
422,Chatramue,-55,คาเฟ่,ไทยพาณิชย์ (ซัน),THB,21/03/2026,,False
423,,-117,ค่าใช้จ่ายอื่นๆ,บัวหลวง (ต่อ),THB,20/03/2026,,False
424,,-104,ข้าวgrab,เครดิตกรุงศรี HomePro,THB,20/03/2026,,False
425,Top up,3000,เงินเดือน,ไทยพาณิชย์ (ซัน),THB,20/03/2026,,False
426,,-50,ค่าโทรศัพท์,ไทยพาณิชย์ (ซัน),THB,20/03/2026,,False
427,Doiluang,-50,คาเฟ่,ไทยพาณิชย์ (ซัน),THB,20/03/2026,,False
428,,-50,ข้าวกลางวัน,ไทยพาณิชย์ (ซัน),THB,20/03/2026,,False
429,,-75,ค่ายา,ไทยพาณิชย์ (ซัน),THB,20/03/2026,,False
430,,-27,คาเฟ่,บัวหลวง (ต่อ),THB,19/03/2026,,False
431,ได้รับจาก ไทยพาณิชย์ (ซัน),200,โอนเงินเข้า,true (ซัน),THB,19/03/2026,,True
432,โฮลวีท | Protein | กล้วยหอม,-118,ข้าว7,true (ซัน),THB,19/03/2026,,False
433,,-190,ข้าวgrab,เครดิตกรุงศรี HomePro,THB,19/03/2026,,False
434,ส่งไปยัง true (ซัน),-200,โอนเงินออก,ไทยพาณิชย์ (ซัน),THB,19/03/2026,,True
435,,-35,ข้าวกลางวัน,ไทยพาณิชย์ (ซัน),THB,19/03/2026,,False
436,,-37,ข้าวเช้า,บัวหลวง (ต่อ),THB,18/03/2026,,False
437,,-47,ข้าวกลางวัน,บัวหลวง (ต่อ),THB,18/03/2026,,False
438,,-45,ขนม,บัวหลวง (ต่อ),THB,18/03/2026,,False
439,,-323,ข้าวเย็น,กสิกร (ต่อ),THB,18/03/2026,,False
440,รวมค่าใช้จ่ายอื่นๆ,-2379,ค่าใช้จ่ายอื่นๆ,เครดิตUOB(บัตรหลัก),THB,18/03/2026,,False
441,,-841,ค่าอินเตอร์เน็ต,เครดิตUOB(บัตรหลัก),THB,18/03/2026,,False
442,,-464.6,น้ำมันรถ,เครดิตUOB(บัตรหลัก),THB,18/03/2026,,False
443,,-359,ค่าYoutube,เครดิตUOB(บัตรหลัก),THB,18/03/2026,,False
444,Sanwish | Protein | Purra,-65,ข้าว7,true (ซัน),THB,18/03/2026,,False
445,,-203,เพื่อน & คนรัก,เครดิตกรุงศรี HomePro,THB,18/03/2026,,False
446,Amazon,-60,คาเฟ่,ไทยพาณิชย์ (ซัน),THB,18/03/2026,,False
447,,-45,ข้าวกลางวัน,ไทยพาณิชย์ (ซัน),THB,18/03/2026,,False
448,,-45,ข้าวเย็น,ไทยพาณิชย์ (ซัน),THB,18/03/2026,,False
449,,-149,Spotify,เครดิตกรุงศรี HomePro,THB,18/03/2026,,False
450,,37,รายได้อื่นๆ,บัวหลวง (ต่อ),THB,17/03/2026,,False
451,,-74,ข้าวเช้า,บัวหลวง (ต่อ),THB,17/03/2026,,False
452,,-47,ข้าวกลางวัน,บัวหลวง (ต่อ),THB,17/03/2026,,False
453,,-224,ข้าวเย็น,บัวหลวง (ต่อ),THB,17/03/2026,,False
454,,-150,กีฬา,บัวหลวง (ต่อ),THB,17/03/2026,,False
455,,-45,ขนม,บัวหลวง (ต่อ),THB,17/03/2026,,False
456,North Central,-80,คาเฟ่,ไทยพาณิชย์ (ซัน),THB,17/03/2026,,False
457,,-34,ข้าวเช้า,ไทยพาณิชย์ (ซัน),THB,17/03/2026,,False
458,,-30,ข้าวกลางวัน,ไทยพาณิชย์ (ซัน),THB,17/03/2026,,False
459,Diffuser,-270,ของใช้ภายในบ้าน,เครดิตกรุงศรี Central,THB,17/03/2026,,False
460,,-48,grabเดินทาง,เครดิตกรุงศรี HomePro,THB,17/03/2026,,False
461,,-3,ค่าใช้จ่ายอื่นๆ,บัวหลวง (ต่อ),THB,16/03/2026,,False
462,ส่งไปยัง กสิกร (ต่อ),-2401.89,โอนเงินออก,บัวหลวง (ต่อ),THB,16/03/2026,,True
463,ส่งไปยัง กสิกร(ซัน),-4444.25,โอนเงินออก,บัวหลวง (ต่อ),THB,16/03/2026,,True
464,,-37,ข้าวเช้า,บัวหลวง (ต่อ),THB,16/03/2026,,False
465,,-35,ข้าวกลางวัน,บัวหลวง (ต่อ),THB,16/03/2026,,False
466,,-210,ข้าวเย็น,บัวหลวง (ต่อ),THB,16/03/2026,,False
467,,-50,ขนม,บัวหลวง (ต่อ),THB,16/03/2026,,False
468,ได้รับจาก บัวหลวง (ต่อ),2401.89,โอนเงินเข้า,กสิกร (ต่อ),THB,16/03/2026,,True
469,Lotus,-303.5,ของทำกับข้าว,เครดิตกรุงศรี Central,THB,16/03/2026,,False
470,ได้รับจาก บัวหลวง (ต่อ),4444.25,โอนเงินเข้า,กสิกร(ซัน),THB,16/03/2026,,True
471,,-50,ข้าวกลางวัน,ไทยพาณิชย์ (ซัน),THB,16/03/2026,,False
472,Lotus,-94,ของใช้ภายในบ้าน,เครดิตกรุงศรี Central,THB,16/03/2026,,False
473,,-130,คาเฟ่,บัวหลวง (ต่อ),THB,15/03/2026,,False
474,,-1067.86,ร้านอาหาร,เครดิตUOB(บัตรหลัก),THB,15/03/2026,,False
475,ได้รับจาก ไทยพาณิชย์ (ซัน),200,โอนเงินเข้า,true (ซัน),THB,15/03/2026,,True
476,Protein,-168,ข้าว7,true (ซัน),THB,15/03/2026,,False
477,SS insurance 3/10,-2281.03,ประกันภัย,เครดิตกรุงศรี HomePro,THB,15/03/2026,,False
478,Garmin 5/10,-1131.9,shoppe,เครดิตกรุงศรี HomePro,THB,15/03/2026,,False
479,ส่งไปยัง true (ซัน),-200,โอนเงินออก,ไทยพาณิชย์ (ซัน),THB,15/03/2026,,True
480,AIS,-480.43,จ่ายบัตรเครดิต,ไทยพาณิชย์ (ซัน),THB,15/03/2026,,False
481,บ้านหางดง,-19,ค่าน้ำประปา,ไทยพาณิชย์ (ซัน),THB,15/03/2026,,False
482,Yeadpao,-250,เสื้อผ้า,ไทยพาณิชย์ (ซัน),THB,15/03/2026,,False
483,GAGA,-140,คาเฟ่,ไทยพาณิชย์ (ซัน),THB,15/03/2026,,False
484,Matcha,-55,คาเฟ่,ไทยพาณิชย์ (ซัน),THB,15/03/2026,,False
485,,-104,ของใช้ภายในบ้าน,บัวหลวง (ต่อ),THB,15/03/2026,,False
486,,-71,ค่าใช้จ่ายอื่นๆ,บัวหลวง (ต่อ),THB,14/03/2026,,False
487,,-34,คาเฟ่,บัวหลวง (ต่อ),THB,14/03/2026,,False
488,,-37,ข้าวเช้า,บัวหลวง (ต่อ),THB,14/03/2026,,False
489,,-54,ข้าวกลางวัน,บัวหลวง (ต่อ),THB,14/03/2026,,False
490,,-60,กีฬา,บัวหลวง (ต่อ),THB,14/03/2026,,False
491,,-40,ขนม,บัวหลวง (ต่อ),THB,14/03/2026,,False
492,,-59,อุปกรณ์อิเล็กทรอนิกส์,เครดิตUOB(บัตรหลัก),THB,14/03/2026,,False
493,เวรดึก,-20,ข้าว7,true (ซัน),THB,14/03/2026,,False
494,,-150,ข้าวgrab,เครดิตกรุงศรี HomePro,THB,14/03/2026,,False
495,Chatramue,-55,คาเฟ่,ไทยพาณิชย์ (ซัน),THB,14/03/2026,,False
496,,-37,ข้าวเช้า,บัวหลวง (ต่อ),THB,13/03/2026,,False
497,,-30,ข้าวกลางวัน,บัวหลวง (ต่อ),THB,13/03/2026,,False
498,,-40,ขนม,บัวหลวง (ต่อ),THB,13/03/2026,,False
499,,-773,ร้านอาหาร,เครดิตUOB(บัตรหลัก),THB,13/03/2026,,False
500,,-179,ข้าวเช้า,เครดิตUOB(บัตรหลัก),THB,13/03/2026,,False
501,กล้วยหอม,-18,ข้าว7,true (ซัน),THB,13/03/2026,,False
502,Amazon,-65,คาเฟ่,ไทยพาณิชย์ (ซัน),THB,13/03/2026,,False
503,,-20,ข้าวเช้า,ไทยพาณิชย์ (ซัน),THB,13/03/2026,,False
504,,-35,ข้าวกลางวัน,ไทยพาณิชย์ (ซัน),THB,13/03/2026,,False
505,,-35,ข้าวเย็น,ไทยพาณิชย์ (ซัน),THB,13/03/2026,,False
506,,-119.41,ค่าน้ำประปา,บัวหลวง (ต่อ),THB,12/03/2026,,False
507,,-20,ข้าวเช้า,บัวหลวง (ต่อ),THB,12/03/2026,,False
508,,-30,ข้าวกลางวัน,บัวหลวง (ต่อ),THB,12/03/2026,,False
509,,-150,กีฬา,บัวหลวง (ต่อ),THB,12/03/2026,,False
510,,-50,ขนม,บัวหลวง (ต่อ),THB,12/03/2026,,False
511,ได้รับจาก ไทยพาณิชย์ (ซัน),200,โอนเงินเข้า,true (ซัน),THB,12/03/2026,,True
512,Protein | น้ำ,-84,ข้าว7,true (ซัน),THB,12/03/2026,,False
513,,-45,ข้าว7,true (ซัน),THB,12/03/2026,,False
514,ส่งไปยัง true (ซัน),-200,โอนเงินออก,ไทยพาณิชย์ (ซัน),THB,12/03/2026,,True
515,Chatramue,-64,คาเฟ่,ไทยพาณิชย์ (ซัน),THB,12/03/2026,,False
516,,-30,ข้าวกลางวัน,ไทยพาณิชย์ (ซัน),THB,12/03/2026,,False
517,Waffle | Oatmilk,-43,ขนม,ไทยพาณิชย์ (ซัน),THB,12/03/2026,,False
518,,-30,ขนม,ไทยพาณิชย์ (ซัน),THB,12/03/2026,,False
519,,-57,ข้าวเช้า,บัวหลวง (ต่อ),THB,11/03/2026,,False
520,,-30,ข้าวกลางวัน,บัวหลวง (ต่อ),THB,11/03/2026,,False
521,,-40,ขนม,บัวหลวง (ต่อ),THB,11/03/2026,,False
522,เพื่อนครัว : นมโอ๊ต | อัลมอนด์ | Cashew | Lobo | Terriyaki,-607,ของทำกับข้าว,เครดิตกรุงศรี Central,THB,11/03/2026,,False
523,Top : มิโซะ | ยูนิฟ | Yogurt,-394,ของทำกับข้าว,เครดิตกรุงศรี Central,THB,11/03/2026,,False
524,Lotus,-215.25,ของทำกับข้าว,เครดิตกรุงศรี Central,THB,11/03/2026,,False
525,ได้รับจาก ไทยพาณิชย์ (ซัน),3000,โอนเงินเข้า,กสิกร(ซัน),THB,11/03/2026,,True
526,ส่งไปยัง กสิกร(ซัน),-3000,โอนเงินออก,ไทยพาณิชย์ (ซัน),THB,11/03/2026,,True
527,Amazon,-74,คาเฟ่,ไทยพาณิชย์ (ซัน),THB,11/03/2026,,False
528,,1,เครดิตเงินคืน,true (ซัน),THB,11/03/2026,,False
529,,-57,ข้าวเช้า,บัวหลวง (ต่อ),THB,10/03/2026,,False
530,,-60,กีฬา,บัวหลวง (ต่อ),THB,10/03/2026,,False
531,,-45,ขนม,บัวหลวง (ต่อ),THB,10/03/2026,,False
532,Protein,-98,ข้าว7,true (ซัน),THB,10/03/2026,,False
533,Coldbrew,-20,ข้าว7,true (ซัน),THB,10/03/2026,,False
534,,-152,ข้าวgrab,เครดิตกรุงศรี HomePro,THB,10/03/2026,,False
535,,-55,ข้าวกลางวัน,ไทยพาณิชย์ (ซัน),THB,10/03/2026,,False
536,DIY,-126,ของใช้ภายในบ้าน,เครดิตกรุงศรี Central,THB,10/03/2026,,False
537,,-37,คาเฟ่,บัวหลวง (ต่อ),THB,09/03/2026,,False
538,,-74,ข้าวเช้า,บัวหลวง (ต่อ),THB,09/03/2026,,False
539,,-60,กีฬา,บัวหลวง (ต่อ),THB,09/03/2026,,False
540,,-50,ขนม,บัวหลวง (ต่อ),THB,09/03/2026,,False
541,Lotus,-179,ของทำกับข้าว,เครดิตกรุงศรี Central,THB,09/03/2026,,False
542,Protein,-94,ข้าว7,true (ซัน),THB,09/03/2026,,False
543,Fuji | โฮลวีท,-74,ข้าว7,true (ซัน),THB,09/03/2026,,False
544,,-100,น้ำมันรถ,ไทยพาณิชย์ (ซัน),THB,09/03/2026,,False
545,,-36,ขนม,ไทยพาณิชย์ (ซัน),THB,09/03/2026,,False
546,,-543,ร้านอาหาร,บัวหลวง (ต่อ),THB,08/03/2026,,False
547,,-120,ร้านอาหาร,บัวหลวง (ต่อ),THB,08/03/2026,,False
548,,-105,คาเฟ่,บัวหลวง (ต่อ),THB,08/03/2026,,False
549,,-640,น้ำมันรถ,เครดิตUOB(บัตรหลัก),THB,08/03/2026,,False
550,กุญแจ,-40,ค่าใช้จ่ายอื่นๆ,ไทยพาณิชย์ (ซัน),THB,08/03/2026,,False
551,KOI,-165,คาเฟ่,ไทยพาณิชย์ (ซัน),THB,08/03/2026,,False
552,YAMAZAKI,-120,ขนม,ไทยพาณิชย์ (ซัน),THB,08/03/2026,,False
553,,10,เครดิตเงินคืน,true (ซัน),THB,08/03/2026,,False
554,,-59,ขนม,บัวหลวง (ต่อ),THB,07/03/2026,,False
555,ได้รับจาก ไทยพาณิชย์ (ซัน),500,โอนเงินเข้า,true (ซัน),THB,07/03/2026,,True
556,,-49,ข้าว7,true (ซัน),THB,07/03/2026,,False
557,Proteinx2 | ICE | Banana,-123,ข้าว7,true (ซัน),THB,07/03/2026,,False
558,,-145,ข้าวgrab,เครดิตกรุงศรี HomePro,THB,07/03/2026,,False
559,ส่งไปยัง true (ซัน),-500,โอนเงินออก,ไทยพาณิชย์ (ซัน),THB,07/03/2026,,True
560,,-22,ขนม,ไทยพาณิชย์ (ซัน),THB,07/03/2026,,False
561,,-705,ภาษี,บัวหลวง (ต่อ),THB,07/03/2026,,False
562,,-25,ข้าวเช้า,บัวหลวง (ต่อ),THB,06/03/2026,,False
563,,-20,ข้าวเช้า,บัวหลวง (ต่อ),THB,06/03/2026,,False
564,,-45,ข้าวกลางวัน,บัวหลวง (ต่อ),THB,06/03/2026,,False
565,,-60,กีฬา,บัวหลวง (ต่อ),THB,06/03/2026,,False
566,,-45,ขนม,บัวหลวง (ต่อ),THB,06/03/2026,,False
567,Lotus,-175.6,ของทำกับข้าว,เครดิตกรุงศรี Central,THB,06/03/2026,,False
568,ซ่อมฝักบัวหอ,-350,ค่าใช้จ่ายอื่นๆ,ไทยพาณิชย์ (ซัน),THB,06/03/2026,,False
569,,-60,ข้าวกลางวัน,ไทยพาณิชย์ (ซัน),THB,06/03/2026,,False
570,,-20,ขนม,ไทยพาณิชย์ (ซัน),THB,06/03/2026,,False
571,ส่งไปยัง Bitcoin,-10000,การลงทุน,บัวหลวง (ต่อ),THB,05/03/2026,,True
572,,55126.01,เงินเดือน,บัวหลวง (ต่อ),THB,05/03/2026,,False
573,,-400,ค่าส่วนกลางหมู่บ้าน,บัวหลวง (ต่อ),THB,05/03/2026,,False
574,,-880,จ่ายบัตรเครดิต,บัวหลวง (ต่อ),THB,05/03/2026,,False
575,,-1420,ค่าโทรศัพท์,บัวหลวง (ต่อ),THB,05/03/2026,,False
576,,-357,ร้านอาหาร,บัวหลวง (ต่อ),THB,05/03/2026,,False
577,,-267,ร้านอาหาร,บัวหลวง (ต่อ),THB,05/03/2026,,False
578,ส่งไปยัง Bitcoin,-40000,โอนเงินออก,เงินลงทุน(หุ้น),THB,05/03/2026,,True
579,,-6721.01,ค่าบำรุงรักษา,เครดิตUOB(บัตรหลัก),THB,05/03/2026,,False
580,,-517,ปรับปรุงบ้าน,เครดิตUOB(บัตรหลัก),THB,05/03/2026,,False
581,,-7490,ค่าตั๋วเครื่องบิน,เครดิตUOB(บัตรหลัก),THB,05/03/2026,,False
582,ได้รับจาก เงินลงทุน(หุ้น),40000,โอนเงินเข้า,Bitcoin,THB,05/03/2026,,True
583,ได้รับจาก บัวหลวง (ต่อ),10000,โอนเงินเข้า,Bitcoin,THB,05/03/2026,,True
584,เพื่อนครัว,-188,ของทำกับข้าว,เครดิตกรุงศรี Central,THB,05/03/2026,,False
585,Coldbrew,-30,ข้าว7,true (ซัน),THB,05/03/2026,,False
586,,-480.43,ค่าอินเตอร์เน็ต,เครดิตกรุงศรี HomePro,THB,05/03/2026,,False
587,,-35,ข้าวเช้า,ไทยพาณิชย์ (ซัน),THB,05/03/2026,,False
588,,-74,ข้าวเช้า,บัวหลวง (ต่อ),THB,04/03/2026,,False
589,,-45,ข้าวกลางวัน,บัวหลวง (ต่อ),THB,04/03/2026,,False
590,,-100,ข้าวเย็น,บัวหลวง (ต่อ),THB,04/03/2026,,False
591,,-45,ขนม,บัวหลวง (ต่อ),THB,04/03/2026,,False
592,,-37,ขนม,บัวหลวง (ต่อ),THB,04/03/2026,,False
593,,-218,ของทำกับข้าว,เครดิตUOB(บัตรหลัก),THB,04/03/2026,,False
594,Granola,-403,ของทำกับข้าว,เครดิตกรุงศรี Central,THB,04/03/2026,,False
595,น้ำแข็ง,-20,ข้าว7,true (ซัน),THB,04/03/2026,,False
596,Lotus หอ,-142,ของใช้ส่วนตัว,เครดิตกรุงศรี HomePro,THB,04/03/2026,,False
597,พรบ.รถ,-551,ค่าใช้จ่ายอื่นๆ,ไทยพาณิชย์ (ซัน),THB,04/03/2026,,False
598,,-55,คาเฟ่,ไทยพาณิชย์ (ซัน),THB,04/03/2026,,False
599,,-63,ข้าวกลางวัน,ไทยพาณิชย์ (ซัน),THB,04/03/2026,,False
600,,-60,ข้าวเย็น,ไทยพาณิชย์ (ซัน),THB,04/03/2026,,False
601,Diffuser,-340,ของใช้ภายในบ้าน,เครดิตกรุงศรี Central,THB,04/03/2026,,False
602,,-98,grabเดินทาง,เครดิตกรุงศรี HomePro,THB,04/03/2026,,False
603,,-45,ข้าวกลางวัน,บัวหลวง (ต่อ),THB,03/03/2026,,False
604,,-140,ข้าวเย็น,บัวหลวง (ต่อ),THB,03/03/2026,,False
605,,-160,กีฬา,บัวหลวง (ต่อ),THB,03/03/2026,,False
606,,-40,ขนม,บัวหลวง (ต่อ),THB,03/03/2026,,False
607,,-1030,น้ำมันรถ,เครดิตUOB(บัตรหลัก),THB,03/03/2026,,False
608,,-63,ข้าว7,true (ซัน),THB,03/03/2026,,False
609,Purra | Protein,-112,ข้าว7,true (ซัน),THB,03/03/2026,,False
610,Focus film,-490,ค่าใช้จ่ายอื่นๆ,เครดิตกรุงศรี HomePro,THB,03/03/2026,,False
611,,-104,เพื่อน & คนรัก,ไทยพาณิชย์ (ซัน),THB,03/03/2026,,False
612,กุญแจ,-100,ค่าใช้จ่ายอื่นๆ,ไทยพาณิชย์ (ซัน),THB,03/03/2026,,False
613,,-55,คาเฟ่,ไทยพาณิชย์ (ซัน),THB,03/03/2026,,False
614,,-20,ข้าวเช้า,ไทยพาณิชย์ (ซัน),THB,03/03/2026,,False
615,,-61,grabเดินทาง,เครดิตกรุงศรี HomePro,THB,03/03/2026,,False
616,,-214,ค่าใช้จ่ายอื่นๆ,บัวหลวง (ต่อ),THB,02/03/2026,,False
617,,-270.77,ค่าใช้จ่ายอื่นๆ,บัวหลวง (ต่อ),THB,02/03/2026,,False
618,ส่งไปยัง เครดิตUOB,-15481.16,จ่ายบัตรเครดิต,บัวหลวง (ต่อ),THB,02/03/2026,,True
619,,-37,ข้าวเช้า,บัวหลวง (ต่อ),THB,02/03/2026,,False
620,,-45,ข้าวกลางวัน,บัวหลวง (ต่อ),THB,02/03/2026,,False
621,,-288,ข้าวเย็น,บัวหลวง (ต่อ),THB,02/03/2026,,False
622,,-20,ขนม,บัวหลวง (ต่อ),THB,02/03/2026,,False
623,,-35,ขนม,บัวหลวง (ต่อ),THB,02/03/2026,,False
624,,-20,ขนม,บัวหลวง (ต่อ),THB,02/03/2026,,False
625,ได้รับจาก บัวหลวง (ต่อ),15481.16,รับค่าชำระบัตรเครดิต,เครดิตUOB(บัตรหลัก),THB,02/03/2026,,True
626,โฮลวีท | Protein | Purra,-162,ข้าว7,true (ซัน),THB,02/03/2026,,False
627,ที่จอดรถ,-109,ค่าใช้จ่ายอื่นๆ,ไทยพาณิชย์ (ซัน),THB,02/03/2026,,False
628,ข้าวเช้า,-32,ข้าวเช้า,ไทยพาณิชย์ (ซัน),THB,02/03/2026,,False
629,,-35,ข้าวกลางวัน,ไทยพาณิชย์ (ซัน),THB,02/03/2026,,False
630,,-15,ขนม,ไทยพาณิชย์ (ซัน),THB,02/03/2026,,False
631,,-50,ค่าส่วนกลางวอร์ด,ไทยพาณิชย์ (ซัน),THB,02/03/2026,,False
632,,-49,ค่าใช้จ่ายอื่นๆ,บัวหลวง (ต่อ),THB,01/03/2026,,False
633,ได้รับจาก กสิกร (ต่อ),209.93,โอนเงินเข้า,บัวหลวง (ต่อ),THB,01/03/2026,,True
634,,-340,ข้าวกลางวัน,บัวหลวง (ต่อ),THB,01/03/2026,,False
635,,-200,ข้าวเย็น,บัวหลวง (ต่อ),THB,01/03/2026,,False
636,,-4221.24,shoppe,บัวหลวง (ต่อ),THB,01/03/2026,,False
637,ส่งไปยัง บัวหลวง (ต่อ),-209.93,โอนเงินออก,กสิกร (ต่อ),THB,01/03/2026,,True
638,,-350,ร้านอาหาร,เครดิตUOB(บัตรหลัก),THB,01/03/2026,,False
639,,-841,ค่าอินเตอร์เน็ต,เครดิตUOB(บัตรหลัก),THB,01/03/2026,,False
640,,-5200,รองเท้า,เครดิตUOB(บัตรหลัก),THB,01/03/2026,,False
641,Central,-340,เพื่อน & คนรัก,เครดิตกรุงศรี Central,THB,01/03/2026,,False
642,Minimal,-115,คาเฟ่,ไทยพาณิชย์ (ซัน),THB,01/03/2026,,False
643,GAGA,-110,คาเฟ่,ไทยพาณิชย์ (ซัน),THB,01/03/2026,,False
644,,-1278,ของใช้ภายในบ้าน,เครดิตUOB(บัตรหลัก),THB,01/03/2026,,False
645,,-74,ข้าวเช้า,บัวหลวง (ต่อ),THB,28/02/2026,,False
646,,-201,ค่าใช้จ่ายอื่นๆ,กสิกร (ต่อ),THB,28/02/2026,,False
647,ได้รับจาก ไทยพาณิชย์ (ซัน),500,โอนเงินเข้า,true (ซัน),THB,28/02/2026,,True
648,,-164,ข้าว7,true (ซัน),THB,28/02/2026,,False
649,,15210.1,รับค่าชำระบัตรเครดิต,เครดิตกรุงศรี HomePro,THB,28/02/2026,,False
650,ได้รับจาก ไทยพาณิชย์ (ซัน),13000,โอนเงินเข้า,กสิกร(ซัน),THB,28/02/2026,,True
651,,-15210.1,จ่ายบัตรเครดิต,กสิกร(ซัน),THB,28/02/2026,,False
652,แก้ไขเงินคงเหลือ,-12678.03,ค่าใช้จ่ายอื่นๆ,สหกรณ์ มช.(หุ้น),THB,28/02/2026,,False
653,AI The Empress,-1000,ค่าใช้จ่ายอื่นๆ,ไทยพาณิชย์ (ซัน),THB,28/02/2026,,False
654,ส่งไปยัง true (ซัน),-500,โอนเงินออก,ไทยพาณิชย์ (ซัน),THB,28/02/2026,,True
655,ส่งไปยัง กสิกร(ซัน),-13000,โอนเงินออก,ไทยพาณิชย์ (ซัน),THB,28/02/2026,,True
656,ส่งไปยัง สหกรณ์ มช.(บัญชี),-11275.75,โอนเงินออก,ไทยพาณิชย์ (ซัน),THB,28/02/2026,,True
657,,-65,คาเฟ่,ไทยพาณิชย์ (ซัน),THB,28/02/2026,,False
658,แก้ไขเงินคงเหลือ,14673.03,รายได้อื่นๆ,สหกรณ์ มช.(บัญชี),THB,28/02/2026,,False
659,ได้รับจาก ไทยพาณิชย์ (ซัน),11275.75,โอนเงินเข้า,สหกรณ์ มช.(บัญชี),THB,28/02/2026,,True
660,,-45,ข้าวเช้า,บัวหลวง (ต่อ),THB,27/02/2026,,False
661,,-45,ข้าวกลางวัน,บัวหลวง (ต่อ),THB,27/02/2026,,False
662,,-60,กีฬา,บัวหลวง (ต่อ),THB,27/02/2026,,False
663,,-35,ขนม,บัวหลวง (ต่อ),THB,27/02/2026,,False
664,เพื่อนครัว,-284,ของทำกับข้าว,เครดิตกรุงศรี Central,THB,27/02/2026,,False
665,Lotus,-232.4,ของทำกับข้าว,เครดิตกรุงศรี Central,THB,27/02/2026,,False
666,OT,9300,เงินเดือน,ไทยพาณิชย์ (ซัน),THB,27/02/2026,,False
667,License,1500,เงินเดือน,ไทยพาณิชย์ (ซัน),THB,27/02/2026,,False
668,,-50,ข้าวกลางวัน,ไทยพาณิชย์ (ซัน),THB,27/02/2026,,False
669,,15270.75,เงินปันผล,ไทยพาณิชย์ (ซัน),THB,27/02/2026,,False
670,,-37,ข้าวเช้า,บัวหลวง (ต่อ),THB,26/02/2026,,False
671,,-20,ข้าวเช้า,บัวหลวง (ต่อ),THB,26/02/2026,,False
672,,-60,กีฬา,บัวหลวง (ต่อ),THB,26/02/2026,,False
673,,-40,ขนม,บัวหลวง (ต่อ),THB,26/02/2026,,False
674,,-1168.71,ค่าไฟฟ้า,กสิกร (ต่อ),THB,26/02/2026,,False
675,ส่งไปยัง Bitcoin,-2000,โอนเงินออก,กสิกร (ต่อ),THB,26/02/2026,,True
676,,-243,ข้าวเย็น,กสิกร (ต่อ),THB,26/02/2026,,False
677,ได้รับจาก กสิกร (ต่อ),2000,โอนเงินเข้า,Bitcoin,THB,26/02/2026,,True
678,Purra | Protein,-70,ข้าว7,true (ซัน),THB,26/02/2026,,False
679,Sanwish | Protein | Purra,-62,ข้าว7,true (ซัน),THB,26/02/2026,,False
680,,-1339,กีฬา,เครดิตกรุงศรี HomePro,THB,26/02/2026,,False
681,LOREAL,-705,ของใช้ส่วนตัว,เครดิตกรุงศรี HomePro,THB,26/02/2026,,False
682,,-55,คาเฟ่,ไทยพาณิชย์ (ซัน),THB,26/02/2026,,False
683,,-45,ข้าวกลางวัน,ไทยพาณิชย์ (ซัน),THB,26/02/2026,,False
684,,-45,ข้าวเย็น,ไทยพาณิชย์ (ซัน),THB,26/02/2026,,False
685,,-140,ค่าส่วนกลางวอร์ด,ไทยพาณิชย์ (ซัน),THB,26/02/2026,,False
686,,-37,ข้าวเช้า,บัวหลวง (ต่อ),THB,25/02/2026,,False
687,,-52,ข้าวกลางวัน,บัวหลวง (ต่อ),THB,25/02/2026,,False
688,,-50,ขนม,บัวหลวง (ต่อ),THB,25/02/2026,,False
689,,-450,สปา,กสิกร (ต่อ),THB,25/02/2026,,False
690,,5188.75,รับค่าชำระบัตรเครดิต,เครดิตกรุงศรี Central,THB,25/02/2026,,False
691,,-95,ข้าวgrab,เครดิตกรุงศรี HomePro,THB,25/02/2026,,False
692,Central,-5188.75,จ่ายบัตรเครดิต,กสิกร(ซัน),THB,25/02/2026,,False
693,,-100,grabเดินทาง,ไทยพาณิชย์ (ซัน),THB,25/02/2026,,False
694,,-37,ข้าวเช้า,บัวหลวง (ต่อ),THB,24/02/2026,,False
695,,-42,ข้าวกลางวัน,บัวหลวง (ต่อ),THB,24/02/2026,,False
696,,-50,ขนม,บัวหลวง (ต่อ),THB,24/02/2026,,False
697,,-500,น้ำมันรถ,กสิกร (ต่อ),THB,24/02/2026,,False
698,Lotus,-188.4,ของทำกับข้าว,เครดิตกรุงศรี Central,THB,24/02/2026,,False
699,,7050.72,เงินเดือน,ไทยพาณิชย์ (ซัน),THB,24/02/2026,,False
700,,-55,ข้าวกลางวัน,ไทยพาณิชย์ (ซัน),THB,24/02/2026,,False
701,,-108,grabเดินทาง,เครดิตกรุงศรี HomePro,THB,24/02/2026,,False
702,ถุงขยะ,-100,ของใช้ภายในบ้าน,ไทยพาณิชย์ (ซัน),THB,24/02/2026,,False
703,,-160,ค่าใช้จ่ายอื่นๆ,บัวหลวง (ต่อ),THB,23/02/2026,,False
704,ส่งไปยัง กสิกร (ต่อ),-4772.64,โอนเงินออก,บัวหลวง (ต่อ),THB,23/02/2026,,True
705,,-45,ข้าวกลางวัน,บัวหลวง (ต่อ),THB,23/02/2026,,False
706,,-80,ข้าวเย็น,บัวหลวง (ต่อ),THB,23/02/2026,,False
707,,-60,กีฬา,บัวหลวง (ต่อ),THB,23/02/2026,,False
708,,-25,ขนม,บัวหลวง (ต่อ),THB,23/02/2026,,False
709,ได้รับจาก บัวหลวง (ต่อ),4772.64,โอนเงินเข้า,กสิกร (ต่อ),THB,23/02/2026,,True
710,Purra | Protein | unif,-106,ข้าว7,true (ซัน),THB,23/02/2026,,False
711,ได้รับจาก ไทยพาณิชย์ (ซัน),1350,โอนเงินเข้า,กสิกร(ซัน),THB,23/02/2026,,True
712,Shift,1350,เงินเดือน,ไทยพาณิชย์ (ซัน),THB,23/02/2026,,False
713,ส่งไปยัง กสิกร(ซัน),-1350,โอนเงินออก,ไทยพาณิชย์ (ซัน),THB,23/02/2026,,True
714,,-20,ข้าวเช้า,ไทยพาณิชย์ (ซัน),THB,23/02/2026,,False
715,,-35,ข้าวกลางวัน,ไทยพาณิชย์ (ซัน),THB,23/02/2026,,False
716,,-35,ข้าวเย็น,ไทยพาณิชย์ (ซัน),THB,23/02/2026,,False
717,,-150,กีฬา,ไทยพาณิชย์ (ซัน),THB,23/02/2026,,False
718,,-30,ขนม,ไทยพาณิชย์ (ซัน),THB,23/02/2026,,False
719,Gym,-25,grabเดินทาง,เครดิตกรุงศรี HomePro,THB,23/02/2026,,False
720,,-598,ร้านอาหาร,บัวหลวง (ต่อ),THB,22/02/2026,,False
721,,-110,คาเฟ่,บัวหลวง (ต่อ),THB,22/02/2026,,False
722,,-350,ตัดผม,บัวหลวง (ต่อ),THB,22/02/2026,,False
723,,-100,ผลไม้,บัวหลวง (ต่อ),THB,22/02/2026,,False
724,โฮลวีท | Listerene | ทิชชู่เปียก,-89,ซื้อของ7,true (ซัน),THB,22/02/2026,,False
725,Mochi,-93,ค่าใช้จ่ายอื่นๆ,ไทยพาณิชย์ (ซัน),THB,22/02/2026,,False
726,Yamazaki,-87,ขนม,ไทยพาณิชย์ (ซัน),THB,22/02/2026,,False
727,,-60,ค่าส่วนกลางวอร์ด,ไทยพาณิชย์ (ซัน),THB,22/02/2026,,False
728,,-37,ข้าวเช้า,บัวหลวง (ต่อ),THB,21/02/2026,,False
729,,-1132.01,อุปกรณ์อิเล็กทรอนิกส์,เครดิตUOB(บัตรหลัก),THB,21/02/2026,,False
730,เพิ่มเติม,-262.15,ค่าYoutube,เครดิตUOB(บัตรหลัก),THB,21/02/2026,,False
731,Top,-150,ของทำกับข้าว,เครดิตกรุงศรี Central,THB,21/02/2026,,False
732,เพื่อนครัว,-669,ของทำกับข้าว,เครดิตกรุงศรี Central,THB,21/02/2026,,False
733,ได้รับจาก ไทยพาณิชย์ (ซัน),500,โอนเงินเข้า,true (ซัน),THB,21/02/2026,,True
734,,-45,ข้าว7,true (ซัน),THB,21/02/2026,,False
735,Sanwish | Protein | Purra,-80,ข้าว7,true (ซัน),THB,21/02/2026,,False
736,,-147,ข้าวgrab,เครดิตกรุงศรี HomePro,THB,21/02/2026,,False
737,ส่งไปยัง true (ซัน),-500,โอนเงินออก,ไทยพาณิชย์ (ซัน),THB,21/02/2026,,True
738,บ้านหางดง,-97.94,ค่าไฟฟ้า,ไทยพาณิชย์ (ซัน),THB,21/02/2026,,False
739,,-45,คาเฟ่,ไทยพาณิชย์ (ซัน),THB,21/02/2026,,False
740,,-124,grabเดินทาง,เครดิตกรุงศรี HomePro,THB,21/02/2026,,False
741,,6,รายได้อื่นๆ,บัวหลวง (ต่อ),THB,20/02/2026,,False
742,,5000,โอนเงินเข้า,บัวหลวง (ต่อ),THB,20/02/2026,,False
743,,-37,ข้าวเช้า,บัวหลวง (ต่อ),THB,20/02/2026,,False
744,,-45,ข้าวกลางวัน,บัวหลวง (ต่อ),THB,20/02/2026,,False
745,,-60,กีฬา,บัวหลวง (ต่อ),THB,20/02/2026,,False
746,,-50,ขนม,บัวหลวง (ต่อ),THB,20/02/2026,,False
747,,-298,ข้าวเย็น,เครดิตUOB(บัตรหลัก),THB,20/02/2026,,False
748,Sanwish | Protein | Purra,-82,ข้าว7,true (ซัน),THB,20/02/2026,,False
749,,-827,เพื่อน & คนรัก,เครดิตกรุงศรี HomePro,THB,20/02/2026,,False
750,Shopee,-327,ของใช้ส่วนตัว,เครดิตกรุงศรี HomePro,THB,20/02/2026,,False
751,ได้รับจาก ไทยพาณิชย์ (ซัน),247.95,โอนเงินเข้า,กสิกร เงินเก็บ,THB,20/02/2026,,True
752,Topup,3000,เงินเดือน,ไทยพาณิชย์ (ซัน),THB,20/02/2026,,False
753,ส่งไปยัง กสิกร เงินเก็บ,-247.95,โอนเงินออก,ไทยพาณิชย์ (ซัน),THB,20/02/2026,,True
754,,-55,คาเฟ่,ไทยพาณิชย์ (ซัน),THB,20/02/2026,,False
755,,-55,ข้าวเช้า,ไทยพาณิชย์ (ซัน),THB,20/02/2026,,False
756,,-35,ข้าวเย็น,ไทยพาณิชย์ (ซัน),THB,20/02/2026,,False
757,,-37,ข้าวเช้า,บัวหลวง (ต่อ),THB,19/02/2026,,False
758,,-45,ข้าวกลางวัน,บัวหลวง (ต่อ),THB,19/02/2026,,False
759,,-50,ขนม,บัวหลวง (ต่อ),THB,19/02/2026,,False
760,,-500,น้ำมันรถ,เครดิตUOB(บัตรหลัก),THB,19/02/2026,,False
761,ได้รับจาก ไทยพาณิชย์ (ซัน),200,โอนเงินเข้า,true (ซัน),THB,19/02/2026,,True
762,ข้าวเย็น | นมโปรตีน | กล้วยหอม,-112,ข้าว7,true (ซัน),THB,19/02/2026,,False
763,,-100,ถอนเงิน,ไทยพาณิชย์ (ซัน),THB,19/02/2026,,False
764,ส่งไปยัง true (ซัน),-200,โอนเงินออก,ไทยพาณิชย์ (ซัน),THB,19/02/2026,,True
765,,-55,คาเฟ่,ไทยพาณิชย์ (ซัน),THB,19/02/2026,,False
766,,-25,ข้าวเช้า,ไทยพาณิชย์ (ซัน),THB,19/02/2026,,False
767,,-45,ข้าวกลางวัน,ไทยพาณิชย์ (ซัน),THB,19/02/2026,,False
768,,-150,กีฬา,ไทยพาณิชย์ (ซัน),THB,19/02/2026,,False
769,,-48,grabเดินทาง,เครดิตกรุงศรี HomePro,THB,19/02/2026,,False
770,,-149,Spotify,เครดิตกรุงศรี HomePro,THB,19/02/2026,,False
771,,-37,ข้าวเช้า,บัวหลวง (ต่อ),THB,18/02/2026,,False
772,,-52,ข้าวกลางวัน,บัวหลวง (ต่อ),THB,18/02/2026,,False
773,,-381,ข้าวเย็น,บัวหลวง (ต่อ),THB,18/02/2026,,False
774,,-180,กีฬา,บัวหลวง (ต่อ),THB,18/02/2026,,False
775,,-50,ขนม,บัวหลวง (ต่อ),THB,18/02/2026,,False
776,โฮลวีท | น้ำเปล่า,-48,ข้าว7,true (ซัน),THB,18/02/2026,,False
777,ได้รับจาก กสิกร(ซัน),9582.27,โอนเงินเข้า,กสิกร เงินเก็บ,THB,18/02/2026,,True
778,Tax refunds,9582.27,รายได้อื่นๆ,กสิกร(ซัน),THB,18/02/2026,,False
779,ส่งไปยัง กสิกร เงินเก็บ,-9582.27,โอนเงินออก,กสิกร(ซัน),THB,18/02/2026,,True
780,,-55,ข้าวกลางวัน,ไทยพาณิชย์ (ซัน),THB,18/02/2026,,False
781,,-30,ขนม,ไทยพาณิชย์ (ซัน),THB,18/02/2026,,False
782,,-40,ผลไม้,ไทยพาณิชย์ (ซัน),THB,18/02/2026,,False
783,,-74,ข้าวเช้า,บัวหลวง (ต่อ),THB,17/02/2026,,False
784,,-45,ข้าวกลางวัน,บัวหลวง (ต่อ),THB,17/02/2026,,False
785,,-45,ขนม,บัวหลวง (ต่อ),THB,17/02/2026,,False
786,ward,-122,ข้าวgrab,เครดิตกรุงศรี HomePro,THB,17/02/2026,,False
787,กาแฟ Grab ward,85,การชำระเงิน,ไทยพาณิชย์ (ซัน),THB,17/02/2026,,False
788,,-40,ข้าวกลางวัน,ไทยพาณิชย์ (ซัน),THB,17/02/2026,,False
789,,-146,ข้าวเย็น,ไทยพาณิชย์ (ซัน),THB,17/02/2026,,False
790,ทำบุญวอร์ด,-45,การกุศล,ไทยพาณิชย์ (ซัน),THB,17/02/2026,,False
791,,-285,ค่าใช้จ่ายอื่นๆ,บัวหลวง (ต่อ),THB,16/02/2026,,False
792,,-42,ข้าวกลางวัน,บัวหลวง (ต่อ),THB,16/02/2026,,False
793,,-150,กีฬา,บัวหลวง (ต่อ),THB,16/02/2026,,False
794,,-35,ขนม,บัวหลวง (ต่อ),THB,16/02/2026,,False
795,,-20,ขนม,บัวหลวง (ต่อ),THB,16/02/2026,,False
796,น้ำผลไม้ | น้ำเปล่า | โฮลวีท |,-100,ข้าว7,true (ซัน),THB,16/02/2026,,False
797,⚘️❤️,-204,เพื่อน & คนรัก,เครดิตกรุงศรี HomePro,THB,16/02/2026,,False
798,Homepro,-548.85,โฮมเซอร์วิส,เครดิตกรุงศรี HomePro,THB,16/02/2026,,False
799,,14678.03,โอนเงินเข้า,สหกรณ์ มช.(หุ้น),THB,16/02/2026,,False
800,,-35,ข้าวกลางวัน,ไทยพาณิชย์ (ซัน),THB,16/02/2026,,False
801,,-140,ข้าวเย็น,ไทยพาณิชย์ (ซัน),THB,16/02/2026,,False
802,ยอดเงินเริ่มต้น,63720,โอนเงินเข้า,ทอง,THB,16/02/2026,,False
803,Valentines day,-1161.88,เพื่อน & คนรัก,บัวหลวง (ต่อ),THB,15/02/2026,,False
804,ส่งไปยัง กสิกร(ซัน),-3548.85,โอนเงินออก,บัวหลวง (ต่อ),THB,15/02/2026,,True
805,,-500,น้ำมันรถ,เครดิตUOB(บัตรหลัก),THB,15/02/2026,,False
806,SS insurance 2/10,-2281.03,ประกันภัย,เครดิตกรุงศรี HomePro,THB,15/02/2026,,False
807,Garmin 4/10,-1131.9,shoppe,เครดิตกรุงศรี HomePro,THB,15/02/2026,,False
808,,5400,โอนเงินเข้า,กสิกร เงินเก็บ,THB,15/02/2026,,False
809,ได้รับจาก บัวหลวง (ต่อ),3548.85,โอนเงินเข้า,กสิกร(ซัน),THB,15/02/2026,,True
810,One to Two,-80,คาเฟ่,ไทยพาณิชย์ (ซัน),THB,15/02/2026,,False
811,Watson,-59,ค่ายา,ไทยพาณิชย์ (ซัน),THB,15/02/2026,,False
812,,-105,ค่าใช้จ่ายอื่นๆ,บัวหลวง (ต่อ),THB,14/02/2026,,False
813,,-174,ขนม,บัวหลวง (ต่อ),THB,14/02/2026,,False
814,,-158,ของทำกับข้าว,เครดิตกรุงศรี Central,THB,14/02/2026,,False
815,,-108,ข้าวgrab,เครดิตกรุงศรี HomePro,THB,14/02/2026,,False
816,,-16,ขนม,ไทยพาณิชย์ (ซัน),THB,14/02/2026,,False
817,ได้รับจาก เงินลงทุน(หุ้น),5000,โอนเงินเข้า,บัวหลวง (ต่อ),THB,13/02/2026,,True
818,,-45,ข้าวกลางวัน,บัวหลวง (ต่อ),THB,13/02/2026,,False
819,,-60,กีฬา,บัวหลวง (ต่อ),THB,13/02/2026,,False
820,,-60,ขนม,บัวหลวง (ต่อ),THB,13/02/2026,,False
821,ส่งไปยัง บัวหลวง (ต่อ),-5000,โอนเงินออก,เงินลงทุน(หุ้น),THB,13/02/2026,,True
822,ได้รับจาก ไทยพาณิชย์ (ซัน),200,โอนเงินเข้า,true (ซัน),THB,13/02/2026,,True
823,น้ำผลไม้ | น้ำเปล่า | โฮลวีท | ข้าวเย็น,-130,ข้าว7,true (ซัน),THB,13/02/2026,,False
824,ส่งไปยัง true (ซัน),-200,โอนเงินออก,ไทยพาณิชย์ (ซัน),THB,13/02/2026,,True
825,,-40,ข้าวกลางวัน,ไทยพาณิชย์ (ซัน),THB,13/02/2026,,False
826,,-87,grabเดินทาง,เครดิตกรุงศรี HomePro,THB,13/02/2026,,False
827,,-900,ค่าใช้จ่ายอื่นๆ,บัวหลวง (ต่อ),THB,12/02/2026,,False
828,,-37,ข้าวเช้า,บัวหลวง (ต่อ),THB,12/02/2026,,False
829,,-45,ข้าวกลางวัน,บัวหลวง (ต่อ),THB,12/02/2026,,False
830,,-60,ขนม,บัวหลวง (ต่อ),THB,12/02/2026,,False
831,Cold brew green tea,-30,ข้าว7,true (ซัน),THB,12/02/2026,,False
832,,-1395,รองเท้า,เครดิตกรุงศรี HomePro,THB,12/02/2026,,False
833,,-55,คาเฟ่,ไทยพาณิชย์ (ซัน),THB,12/02/2026,,False
834,,-40,ข้าวกลางวัน,ไทยพาณิชย์ (ซัน),THB,12/02/2026,,False
835,,-65,ข้าวเย็น,ไทยพาณิชย์ (ซัน),THB,12/02/2026,,False
836,,-20,ขนม,ไทยพาณิชย์ (ซัน),THB,12/02/2026,,False
837,,-58,grabเดินทาง,เครดิตกรุงศรี HomePro,THB,12/02/2026,,False
838,,-158.36,ค่าน้ำประปา,บัวหลวง (ต่อ),THB,11/02/2026,,False
839,,-37,ข้าวเช้า,บัวหลวง (ต่อ),THB,11/02/2026,,False
840,,-45,ข้าวกลางวัน,บัวหลวง (ต่อ),THB,11/02/2026,,False
841,,-150,กีฬา,บัวหลวง (ต่อ),THB,11/02/2026,,False
842,,-60,ขนม,บัวหลวง (ต่อ),THB,11/02/2026,,False
843,,-500,น้ำมันรถ,เครดิตUOB(บัตรหลัก),THB,11/02/2026,,False
844,เพื่อนครัว : นมโอ๊ต | อัลมอนด์ | Cashew | Syrup,-416,ของทำกับข้าว,เครดิตกรุงศรี Central,THB,11/02/2026,,False
845,,-150,ข้าวgrab,เครดิตกรุงศรี HomePro,THB,11/02/2026,,False
846,,-35,ข้าวเช้า,ไทยพาณิชย์ (ซัน),THB,11/02/2026,,False
847,,-60,ผลไม้,ไทยพาณิชย์ (ซัน),THB,11/02/2026,,False
848,,-87,grabเดินทาง,เครดิตกรุงศรี HomePro,THB,11/02/2026,,False
849,,-37,ข้าวเช้า,บัวหลวง (ต่อ),THB,10/02/2026,,False
850,,-45,ข้าวกลางวัน,บัวหลวง (ต่อ),THB,10/02/2026,,False
851,,-60,ข้าวเย็น,บัวหลวง (ต่อ),THB,10/02/2026,,False
852,,-60,กีฬา,บัวหลวง (ต่อ),THB,10/02/2026,,False
853,,-35,ขนม,บัวหลวง (ต่อ),THB,10/02/2026,,False
854,,-419,Netflix,เครดิตUOB(บัตรหลัก),THB,10/02/2026,,False
855,กล้วยหอม | น้ำเปล่า | โฮลวีท,-45,ข้าว7,true (ซัน),THB,10/02/2026,,False
856,Sanwish | Protein | Purra,-74,ข้าว7,true (ซัน),THB,10/02/2026,,False
857,บ้านหางดง,-19,ค่าน้ำประปา,ไทยพาณิชย์ (ซัน),THB,10/02/2026,,False
858,,-35,ข้าวกลางวัน,ไทยพาณิชย์ (ซัน),THB,10/02/2026,,False
859,,-35,ข้าวเย็น,ไทยพาณิชย์ (ซัน),THB,10/02/2026,,False
860,Gym,-47,grabเดินทาง,เครดิตกรุงศรี HomePro,THB,10/02/2026,,False
861,ส่งไปยัง Bitcoin,-301.33,การลงทุน,บัวหลวง (ต่อ),THB,09/02/2026,,True
862,,-74,ข้าวเช้า,บัวหลวง (ต่อ),THB,09/02/2026,,False
863,,-45,ข้าวกลางวัน,บัวหลวง (ต่อ),THB,09/02/2026,,False
864,,-178,ข้าวเย็น,บัวหลวง (ต่อ),THB,09/02/2026,,False
865,,-50,ขนม,บัวหลวง (ต่อ),THB,09/02/2026,,False
866,รายปีgoodnote,-279,อุปกรณ์อิเล็กทรอนิกส์,เครดิตUOB(บัตรหลัก),THB,09/02/2026,,False
867,,-179,ค่าYoutube,เครดิตUOB(บัตรหลัก),THB,09/02/2026,,False
868,ได้รับจาก บัวหลวง (ต่อ),301.33,โอนเงินเข้า,Bitcoin,THB,09/02/2026,,True
869,Purra | นมโปรตีน,-62,ข้าว7,true (ซัน),THB,09/02/2026,,False
870,,-78,คาเฟ่,ไทยพาณิชย์ (ซัน),THB,09/02/2026,,False
871,,-30,ข้าวเย็น,ไทยพาณิชย์ (ซัน),THB,09/02/2026,,False
872,,-80,ข้าวกลางวัน,บัวหลวง (ต่อ),THB,08/02/2026,,False
873,น้ำแข็ง,-10,ข้าว7,true (ซัน),THB,08/02/2026,,False
874,,-144,ข้าวgrab,เครดิตกรุงศรี HomePro,THB,08/02/2026,,False
875,,-125,คาเฟ่,ไทยพาณิชย์ (ซัน),THB,08/02/2026,,False
876,,-20,ขนม,ไทยพาณิชย์ (ซัน),THB,08/02/2026,,False
877,,50,เครดิตเงินคืน,เครดิตกรุงศรี HomePro,THB,08/02/2026,,False
878,,-129,ล้างรถ,บัวหลวง (ต่อ),THB,07/02/2026,,False
879,ได้รับจาก ไทยพาณิชย์ (ซัน),500,โอนเงินเข้า,true (ซัน),THB,07/02/2026,,True
880,ขนมน้องเมย❤️,-134,ซื้อของ7,true (ซัน),THB,07/02/2026,,False
881,นมโปรตีน กรีกโยเกิร์ต,-81,ข้าว7,true (ซัน),THB,07/02/2026,,False
882,ฝึกขับรถ,-300,น้ำมันรถ,เครดิตกรุงศรี HomePro,THB,07/02/2026,,False
883,ส่งไปยัง true (ซัน),-500,โอนเงินออก,ไทยพาณิชย์ (ซัน),THB,07/02/2026,,True
884,อะเมซอน,-45,คาเฟ่,ไทยพาณิชย์ (ซัน),THB,07/02/2026,,False
885,,-110,คาเฟ่,ไทยพาณิชย์ (ซัน),THB,07/02/2026,,False
886,ขนมพ่อ❤️,-120,เพื่อน & คนรัก,บัวหลวง (ต่อ),THB,06/02/2026,,False
887,,-210,ข้าวเย็น,บัวหลวง (ต่อ),THB,06/02/2026,,False
888,,-750,ค่าAI,เครดิตUOB(บัตรหลัก),THB,06/02/2026,,False
889,แม่❤️,-347,เพื่อน & คนรัก,เครดิตกรุงศรี HomePro,THB,06/02/2026,,False
890,Lip | Eye brow | mask,-349,ของใช้ส่วนตัว,เครดิตกรุงศรี HomePro,THB,06/02/2026,,False
891,JP interview,300,ของขวัญ,ไทยพาณิชย์ (ซัน),THB,06/02/2026,,False
892,,-110,คาเฟ่,ไทยพาณิชย์ (ซัน),THB,06/02/2026,,False
893,,-260,ข้าวเช้า,ไทยพาณิชย์ (ซัน),THB,06/02/2026,,False
894,บ้านหางดง,-800,ตัดหญ้า แต่งกิ่ง,ไทยพาณิชย์ (ซัน),THB,06/02/2026,,False
895,ส่งไปยัง เงินลงทุน(หุ้น),-10000,การลงทุน,บัวหลวง (ต่อ),THB,05/02/2026,,True
896,ส่งไปยัง Bitcoin,-10000,การลงทุน,บัวหลวง (ต่อ),THB,05/02/2026,,True
897,,52241.33,เงินเดือน,บัวหลวง (ต่อ),THB,05/02/2026,,False
898,ส่งไปยัง กสิกร(ซัน),-2500,โอนเงินออก,บัวหลวง (ต่อ),THB,05/02/2026,,True
899,,-400,ค่าส่วนกลางหมู่บ้าน,บัวหลวง (ต่อ),THB,05/02/2026,,False
900,,-580,จ่ายบัตรเครดิต,บัวหลวง (ต่อ),THB,05/02/2026,,False
901,,-2500,ค่าโทรศัพท์,บัวหลวง (ต่อ),THB,05/02/2026,,False
902,,-42,ข้าวกลางวัน,บัวหลวง (ต่อ),THB,05/02/2026,,False
903,,-60,กีฬา,บัวหลวง (ต่อ),THB,05/02/2026,,False
904,,-75,ขนม,บัวหลวง (ต่อ),THB,05/02/2026,,False
905,ได้รับจาก บัวหลวง (ต่อ),10000,โอนเงินเข้า,เงินลงทุน(หุ้น),THB,05/02/2026,,True
906,,-1000,น้ำมันรถ,เครดิตUOB(บัตรหลัก),THB,05/02/2026,,False
907,ได้รับจาก บัวหลวง (ต่อ),10000,โอนเงินเข้า,Bitcoin,THB,05/02/2026,,True
908,Sanwish | Protein,-54,ข้าว7,true (ซัน),THB,05/02/2026,,False
909,,-155,ข้าวgrab,เครดิตกรุงศรี HomePro,THB,05/02/2026,,False
910,ได้รับจาก บัวหลวง (ต่อ),2500,โอนเงินเข้า,กสิกร(ซัน),THB,05/02/2026,,True
911,,-40,ข้าวกลางวัน,ไทยพาณิชย์ (ซัน),THB,05/02/2026,,False
912,,-35,ข้าวเย็น,ไทยพาณิชย์ (ซัน),THB,05/02/2026,,False
913,,-161,grabเดินทาง,เครดิตกรุงศรี HomePro,THB,05/02/2026,,False
914,ส่งไปยัง Bitcoin,-449.47,การลงทุน,บัวหลวง (ต่อ),THB,04/02/2026,,True
915,,-37,ข้าวเช้า,บัวหลวง (ต่อ),THB,04/02/2026,,False
916,,-45,ข้าวกลางวัน,บัวหลวง (ต่อ),THB,04/02/2026,,False
917,,-50,ข้าวเย็น,บัวหลวง (ต่อ),THB,04/02/2026,,False
918,,-40,ขนม,บัวหลวง (ต่อ),THB,04/02/2026,,False
919,ได้รับจาก บัวหลวง (ต่อ),449.47,โอนเงินเข้า,Bitcoin,THB,04/02/2026,,True
920,บ้านหางดง,-480.43,ค่าอินเตอร์เน็ต,เครดิตกรุงศรี HomePro,THB,04/02/2026,,False
921,,2000,การชำระเงิน,ไทยพาณิชย์ (ซัน),THB,04/02/2026,,False
922,เคลียบิล ais fibre,-1996.34,ค่าอินเตอร์เน็ต,ไทยพาณิชย์ (ซัน),THB,04/02/2026,,False
923,,-55,คาเฟ่,ไทยพาณิชย์ (ซัน),THB,04/02/2026,,False
924,,-35,ข้าวกลางวัน,ไทยพาณิชย์ (ซัน),THB,04/02/2026,,False
925,,-35,ข้าวเย็น,ไทยพาณิชย์ (ซัน),THB,04/02/2026,,False
926,ตรวจสุขภาพ,-310,การรักษาพยาบาล,ไทยพาณิชย์ (ซัน),THB,04/02/2026,,False
927,,-37,ข้าวเช้า,บัวหลวง (ต่อ),THB,03/02/2026,,False
928,,-45,ข้าวกลางวัน,บัวหลวง (ต่อ),THB,03/02/2026,,False
929,,-40,ขนม,บัวหลวง (ต่อ),THB,03/02/2026,,False
930,น้ำผลไม้ | น้ำเปล่า | โฮลวีท,-90,ข้าว7,true (ซัน),THB,03/02/2026,,False
931,ข้าวเย็น,-142,ข้าวgrab,เครดิตกรุงศรี HomePro,THB,03/02/2026,,False
932,,19.29,เงินดอกเบี้ย,ไทยพาณิชย์ (ซัน),THB,03/02/2026,,False
933,,-45,คาเฟ่,ไทยพาณิชย์ (ซัน),THB,03/02/2026,,False
934,ward,-45,งานศพ,ไทยพาณิชย์ (ซัน),THB,03/02/2026,,False
935,ส่งไปยัง Bitcoin,-2000,การลงทุน,บัวหลวง (ต่อ),THB,02/02/2026,,True
936,,-150,ข้าวกลางวัน,บัวหลวง (ต่อ),THB,02/02/2026,,False
937,,-5077.86,shoppe,บัวหลวง (ต่อ),THB,02/02/2026,,False
938,วันเกิดที่รัก,-2482,เพื่อน & คนรัก,เครดิตUOB(บัตรหลัก),THB,02/02/2026,,False
939,,-338,ของหวาน,บัวหลวง (ต่อ),THB,02/02/2026,,False
940,ได้รับจาก บัวหลวง (ต่อ),2000,โอนเงินเข้า,Bitcoin,THB,02/02/2026,,True
941,ทิชชู่เปียก,-39,ซื้อของ7,true (ซัน),THB,02/02/2026,,False
942,Watson : Conteclen | น้ำยาล้าง | ตะไบเท้า,-411.22,ของใช้ส่วนตัว,เครดิตกรุงศรี HomePro,THB,02/02/2026,,False
943,Auto SCB (CC),-20,ค่าใช้จ่ายอื่นๆ,ไทยพาณิชย์ (ซัน),THB,02/02/2026,,False
944,ทำใบขับขี่,-205,ค่าใช้จ่ายอื่นๆ,ไทยพาณิชย์ (ซัน),THB,02/02/2026,,False
945,,-20,ค่าโทรศัพท์,ไทยพาณิชย์ (ซัน),THB,02/02/2026,,False
946,,-144,คาเฟ่,ไทยพาณิชย์ (ซัน),THB,02/02/2026,,False
947,,-150,ค่าใช้จ่ายอื่นๆ,บัวหลวง (ต่อ),THB,01/02/2026,,False
948,,-45,คาเฟ่,บัวหลวง (ต่อ),THB,01/02/2026,,False
949,,-45,คาเฟ่,บัวหลวง (ต่อ),THB,01/02/2026,,False
950,,-238,ข้าวกลางวัน,บัวหลวง (ต่อ),THB,01/02/2026,,False
951,,-500,น้ำมันรถ,เครดิตUOB(บัตรหลัก),THB,01/02/2026,,False
952,,-179,ข้าว7,true (ซัน),THB,01/02/2026,,False
953,อะเมซอน,-45,คาเฟ่,ไทยพาณิชย์ (ซัน),THB,01/02/2026,,False
954,Smoothie,-45,คาเฟ่,ไทยพาณิชย์ (ซัน),THB,01/02/2026,,False
955,,-1781,ของใช้ภายในบ้าน,บัวหลวง (ต่อ),THB,01/02/2026,,False
956,,-37,ข้าวเช้า,บัวหลวง (ต่อ),THB,31/01/2026,,False
957,,-60,กีฬา,บัวหลวง (ต่อ),THB,31/01/2026,,False
958,,-50,ขนม,บัวหลวง (ต่อ),THB,31/01/2026,,False
959,,-51,ข้าว7,true (ซัน),THB,31/01/2026,,False
960,AIS ที่ค้างอยู่,-1696.3,ค่าอินเตอร์เน็ต,เครดิตกรุงศรี HomePro,THB,31/01/2026,,False
961,ซื้อของเข้าหอพัก,-616,ของใช้ส่วนตัว,เครดิตกรุงศรี HomePro,THB,31/01/2026,,False
962,,-50,คาเฟ่,ไทยพาณิชย์ (ซัน),THB,31/01/2026,,False
963,,-128,ข้าวเย็น,ไทยพาณิชย์ (ซัน),THB,31/01/2026,,False
964,,-37,ข้าวเช้า,บัวหลวง (ต่อ),THB,30/01/2026,,False
965,ข้าวซอยไก่,-45,ข้าวกลางวัน,บัวหลวง (ต่อ),THB,30/01/2026,,False
966,,-70,กีฬา,บัวหลวง (ต่อ),THB,30/01/2026,,False
967,,-40,ขนม,บัวหลวง (ต่อ),THB,30/01/2026,,False
968,,-841,ค่าอินเตอร์เน็ต,เครดิตUOB(บัตรหลัก),THB,30/01/2026,,False
969,เพื่อนครัว : เนยถั่ว | กะทิ | นมโอ๊ต | กรีกโยเกิร์ต | พริกไทยดำ | ออริกาโน่ | อัลมอนด์ | โลโบ,-572,ของทำกับข้าว,เครดิตกรุงศรี Central,THB,30/01/2026,,False
970,Lotus : หมูสไลด์ | สะโพกไก่ | Corn,-119.75,ของทำกับข้าว,เครดิตกรุงศรี Central,THB,30/01/2026,,False
971,ได้รับจาก ไทยพาณิชย์ (ซัน),500,โอนเงินเข้า,true (ซัน),THB,30/01/2026,,True
972,,-40,ข้าว7,true (ซัน),THB,30/01/2026,,False
973,Member เพื่อนครัว,-100,ค่าใช้จ่ายอื่นๆ,ไทยพาณิชย์ (ซัน),THB,30/01/2026,,False
974,License,1500,เงินเดือน,ไทยพาณิชย์ (ซัน),THB,30/01/2026,,False
975,,-100,น้ำมันรถ,ไทยพาณิชย์ (ซัน),THB,30/01/2026,,False
976,,-37,ข้าวเช้า,บัวหลวง (ต่อ),THB,29/01/2026,,False
977,,-45,ข้าวกลางวัน,บัวหลวง (ต่อ),THB,29/01/2026,,False
978,,-60,กีฬา,บัวหลวง (ต่อ),THB,29/01/2026,,False
979,,-40,ขนม,บัวหลวง (ต่อ),THB,29/01/2026,,False
980,Farm house | Jade,-76,ข้าว7,true (ซัน),THB,29/01/2026,,False
981,Coldbrew (Shopee),-171,เพื่อน & คนรัก,เครดิตกรุงศรี HomePro,THB,29/01/2026,,False
982,ส่งไปยัง true (ซัน),-500,โอนเงินออก,ไทยพาณิชย์ (ซัน),THB,29/01/2026,,True
983,คาเฟ่ตอนเรียนขับรถ,-75,คาเฟ่,ไทยพาณิชย์ (ซัน),THB,29/01/2026,,False
984,,-168,ข้าวเย็น,ไทยพาณิชย์ (ซัน),THB,29/01/2026,,False
985,แม่❤️,-1000,การรักษาพยาบาล,ไทยพาณิชย์ (ซัน),THB,29/01/2026,,False
986,,-52,ข้าวกลางวัน,บัวหลวง (ต่อ),THB,28/01/2026,,False
987,,-60,กีฬา,บัวหลวง (ต่อ),THB,28/01/2026,,False
988,,-55,ขนม,บัวหลวง (ต่อ),THB,28/01/2026,,False
989,,-37,คาเฟ่,True (ต่อ),THB,28/01/2026,,False
990,รายปีกล้องmi,-850,อุปกรณ์อิเล็กทรอนิกส์,เครดิตUOB(บัตรหลัก),THB,28/01/2026,,False
991,Lotus : หมูสไลด์ | อกไก่ | สาลี่ | มะเขือเทศ,-209,ของทำกับข้าว,เครดิตกรุงศรี Central,THB,28/01/2026,,False
992,Top : มิโซะ | ไข่ขาว | ยูนิฟ | โลโบ,-267.75,ของทำกับข้าว,เครดิตกรุงศรี Central,THB,28/01/2026,,False
993,,-89,ของใช้ส่วนตัว,เครดิตกรุงศรี HomePro,THB,28/01/2026,,False
994,Shopee,-1152,ของใช้ส่วนตัว,เครดิตกรุงศรี HomePro,THB,28/01/2026,,False
995,Gluta x 2 (Shopee),-760,อาหารเสริม,เครดิตกรุงศรี HomePro,THB,28/01/2026,,False
996,ได้รับจาก ไทยพาณิชย์ (ซัน),8922.55,โอนเงินเข้า,กสิกร(ซัน),THB,28/01/2026,,True
997,,-12642.29,จ่ายบัตรเครดิต,กสิกร(ซัน),THB,28/01/2026,,False
998,ส่งไปยัง กสิกร(ซัน),-8922.55,โอนเงินออก,ไทยพาณิชย์ (ซัน),THB,28/01/2026,,True
999,French Press,-118,ของใช้ภายในบ้าน,เครดิตกรุงศรี Central,THB,28/01/2026,,False
1000,ส่งไปยัง เครดิตUOB,-16116.96,จ่ายบัตรเครดิต,บัวหลวง (ต่อ),THB,27/01/2026,,True
1001,,-1020.82,ค่าไฟฟ้า,บัวหลวง (ต่อ),THB,27/01/2026,,False
1002,,-37,ข้าวเช้า,บัวหลวง (ต่อ),THB,27/01/2026,,False
1003,,-52,ข้าวกลางวัน,บัวหลวง (ต่อ),THB,27/01/2026,,False
1004,,-55,ขนม,บัวหลวง (ต่อ),THB,27/01/2026,,False
1005,,-4989,อุปกรณ์อิเล็กทรอนิกส์,เครดิตUOB(บัตรหลัก),THB,27/01/2026,,False
1006,ได้รับจาก บัวหลวง (ต่อ),16116.96,รับค่าชำระบัตรเครดิต,เครดิตUOB(บัตรหลัก),THB,27/01/2026,,True
1007,,-127.25,ของทำกับข้าว,เครดิตกรุงศรี Central,THB,27/01/2026,,False
1008,,6676.76,เงินเดือน,ไทยพาณิชย์ (ซัน),THB,27/01/2026,,False
1009,OT,7100,เงินเดือน,ไทยพาณิชย์ (ซัน),THB,27/01/2026,,False
1010,Locker RUSH,-100,กีฬา,ไทยพาณิชย์ (ซัน),THB,27/01/2026,,False
1011,แก้วชงชา/งาขาว/งาดำ,-104,ของใช้ภายในบ้าน,ไทยพาณิชย์ (ซัน),THB,27/01/2026,,False
1012,,-37,ข้าวเช้า,บัวหลวง (ต่อ),THB,26/01/2026,,False
1013,,-52,ข้าวกลางวัน,บัวหลวง (ต่อ),THB,26/01/2026,,False
1014,,-50,ขนม,บัวหลวง (ต่อ),THB,26/01/2026,,False
1015,น้ำแข็ง,-10,ข้าว7,true (ซัน),THB,26/01/2026,,False
1016,,-433,ของทำกับข้าว,เครดิตกรุงศรี HomePro,THB,26/01/2026,,False
1017,ส่งไปยัง ไทยพาณิชย์ (ซัน),-3500,โอนเงินออก,กสิกร เงินเก็บ,THB,26/01/2026,,True
1018,ใบรับรองแพทย์ใบขับขี่,-250,สุขภาพ & ฟิตเนส,ไทยพาณิชย์ (ซัน),THB,26/01/2026,,False
1019,ค่าเรียนขับรถ,-3500,การศึกษา,ไทยพาณิชย์ (ซัน),THB,26/01/2026,,False
1020,ได้รับจาก กสิกร เงินเก็บ,3500,โอนเงินเข้า,ไทยพาณิชย์ (ซัน),THB,26/01/2026,,True
1021,,-45,คาเฟ่,ไทยพาณิชย์ (ซัน),THB,26/01/2026,,False
1022,,-35,ข้าวเช้า,ไทยพาณิชย์ (ซัน),THB,26/01/2026,,False
1023,,-35,ข้าวกลางวัน,ไทยพาณิชย์ (ซัน),THB,26/01/2026,,False
1024,มันหวาน,-30,ขนม,ไทยพาณิชย์ (ซัน),THB,26/01/2026,,False
1025,,-58,ของทำกับข้าว,ไทยพาณิชย์ (ซัน),THB,26/01/2026,,False
1026,,-500,โอนเงินออก,บัวหลวง (ต่อ),THB,25/01/2026,,False
1027,,5500,โอนเงินเข้า,บัวหลวง (ต่อ),THB,25/01/2026,,False
1028,ครัวคุณไซ,-876,ข้าวเย็น,บัวหลวง (ต่อ),THB,25/01/2026,,False
1029,Purrax1 | คริสตัล x 2,-23,ข้าว7,true (ซัน),THB,25/01/2026,,False
1030,DIYแม่❤️,-187,เพื่อน & คนรัก,ไทยพาณิชย์ (ซัน),THB,25/01/2026,,False
1031,น้ำพี่ยาม,-40,คาเฟ่,ไทยพาณิชย์ (ซัน),THB,25/01/2026,,False
1032,ชาเย็น,-40,คาเฟ่,ไทยพาณิชย์ (ซัน),THB,25/01/2026,,False
1033,,-100,ขนม,ไทยพาณิชย์ (ซัน),THB,25/01/2026,,False
1034,,-37,ข้าวเช้า,บัวหลวง (ต่อ),THB,24/01/2026,,False
1035,,-45,ข้าวกลางวัน,บัวหลวง (ต่อ),THB,24/01/2026,,False
1036,,-52,ขนม,บัวหลวง (ต่อ),THB,24/01/2026,,False
1037,โฮลวีท,-24,ซื้อของ7,true (ซัน),THB,24/01/2026,,False
1038,,-166,ข้าวgrab,เครดิตกรุงศรี HomePro,THB,24/01/2026,,False
1039,สลัดของแม่❤️,-174,เพื่อน & คนรัก,ไทยพาณิชย์ (ซัน),THB,24/01/2026,,False
1040,ชาตรามือ,-55,คาเฟ่,ไทยพาณิชย์ (ซัน),THB,24/01/2026,,False
1041,,-129,grabเดินทาง,เครดิตกรุงศรี HomePro,THB,24/01/2026,,False
1042,,-2500,คลินิกผิว,เครดิตกรุงศรี Central,THB,24/01/2026,,False
1043,,-74,ข้าวเช้า,บัวหลวง (ต่อ),THB,23/01/2026,,False
1044,,-52,ข้าวกลางวัน,บัวหลวง (ต่อ),THB,23/01/2026,,False
1045,,-60,กีฬา,บัวหลวง (ต่อ),THB,23/01/2026,,False
1046,,-40,ขนม,บัวหลวง (ต่อ),THB,23/01/2026,,False
1047,ได้รับจาก ไทยพาณิชย์ (ซัน),200,โอนเงินเข้า,true (ซัน),THB,23/01/2026,,True
1048,แซนวิชทูน่า+นมโปรตีน,-58,ซื้อของ7,true (ซัน),THB,23/01/2026,,False
1049,Purra1.5 ×2,-31,ซื้อของ7,true (ซัน),THB,23/01/2026,,False
1050,ข้าวเย็น นมโปรตีน กรีกโยเกิร์ต,-120,ข้าว7,true (ซัน),THB,23/01/2026,,False
1051,,2000,การชำระเงิน,กสิกร(ซัน),THB,23/01/2026,,False
1052,ได้รับจาก ไทยพาณิชย์ (ซัน),1900,โอนเงินเข้า,กสิกร(ซัน),THB,23/01/2026,,True
1053,ค่าไฟบ้านหางดง,-212.49,ค่าไฟฟ้า,กสิกร(ซัน),THB,23/01/2026,,False
1054,Shift,2350,เงินเดือน,ไทยพาณิชย์ (ซัน),THB,23/01/2026,,False
1055,ส่งไปยัง true (ซัน),-200,โอนเงินออก,ไทยพาณิชย์ (ซัน),THB,23/01/2026,,True
1056,ส่งไปยัง กสิกร(ซัน),-1900,โอนเงินออก,ไทยพาณิชย์ (ซัน),THB,23/01/2026,,True
1057,เวรดึกTM,-40,ข้าวเช้า,ไทยพาณิชย์ (ซัน),THB,23/01/2026,,False
1058,,-20,ขนม,ไทยพาณิชย์ (ซัน),THB,23/01/2026,,False
1059,,-52,ข้าวกลางวัน,บัวหลวง (ต่อ),THB,22/01/2026,,False
1060,,-60,กีฬา,บัวหลวง (ต่อ),THB,22/01/2026,,False
1061,,-40,ขนม,บัวหลวง (ต่อ),THB,22/01/2026,,False
1062,,-500,น้ำมันรถ,เครดิตUOB(บัตรหลัก),THB,22/01/2026,,False
1063,แซนวิชทูน่า+นมโปรตีน,-58,ซื้อของ7,true (ซัน),THB,22/01/2026,,False
1064,อะเมซอน,-45,คาเฟ่,ไทยพาณิชย์ (ซัน),THB,22/01/2026,,False
1065,ชาตรามือ,-55,คาเฟ่,ไทยพาณิชย์ (ซัน),THB,22/01/2026,,False
1066,,-40,ข้าวกลางวัน,ไทยพาณิชย์ (ซัน),THB,22/01/2026,,False
1067,,-40,ข้าวเย็น,ไทยพาณิชย์ (ซัน),THB,22/01/2026,,False
1068,ส่งไปยัง True (ต่อ),-200,โอนเงินออก,บัวหลวง (ต่อ),THB,21/01/2026,,True
1069,,-37,ข้าวเช้า,บัวหลวง (ต่อ),THB,21/01/2026,,False
1070,,-52,ข้าวกลางวัน,บัวหลวง (ต่อ),THB,21/01/2026,,False
1071,,-46,ขนม,บัวหลวง (ต่อ),THB,21/01/2026,,False
1072,ได้รับจาก บัวหลวง (ต่อ),200,โอนเงินเข้า,True (ต่อ),THB,21/01/2026,,True
1073,,-132,ข้าว7,True (ต่อ),THB,21/01/2026,,False
1074,ซักผ้า oterri,-80,ค่าใช้จ่ายอื่นๆ,true (ซัน),THB,21/01/2026,,False
1075,ได้รับจาก ไทยพาณิชย์ (ซัน),200,โอนเงินเข้า,true (ซัน),THB,21/01/2026,,True
1076,สลัดของแม่❤️,-249,เพื่อน & คนรัก,ไทยพาณิชย์ (ซัน),THB,21/01/2026,,False
1077,ส่งไปยัง true (ซัน),-200,โอนเงินออก,ไทยพาณิชย์ (ซัน),THB,21/01/2026,,True
1078,Thai tea oatmilk ward,-43,คาเฟ่,ไทยพาณิชย์ (ซัน),THB,21/01/2026,,False
1079,,-55,ข้าวเช้า,ไทยพาณิชย์ (ซัน),THB,21/01/2026,,False
1080,,-120,ผลไม้,ไทยพาณิชย์ (ซัน),THB,21/01/2026,,False
1081,Top : Vanish + Downy,-124,ของใช้ภายในบ้าน,เครดิตกรุงศรี Central,THB,21/01/2026,,False
1082,,-130,grabเดินทาง,เครดิตกรุงศรี HomePro,THB,21/01/2026,,False
1083,,-37,ข้าวเช้า,บัวหลวง (ต่อ),THB,20/01/2026,,False
1084,,-52,ข้าวกลางวัน,บัวหลวง (ต่อ),THB,20/01/2026,,False
1085,,-70,กีฬา,บัวหลวง (ต่อ),THB,20/01/2026,,False
1086,,-50,ขนม,บัวหลวง (ต่อ),THB,20/01/2026,,False
1087,,-512,ของทำกับข้าว,เครดิตUOB(บัตรหลัก),THB,20/01/2026,,False
1088,ได้รับจาก ไทยพาณิชย์ (ซัน),200,โอนเงินเข้า,true (ซัน),THB,20/01/2026,,True
1089,ข้าวเย็น นมโปรตีน Granola น้ำเปล่า,-130,ข้าว7,true (ซัน),THB,20/01/2026,,False
1090,Topup,3000,เงินเดือน,ไทยพาณิชย์ (ซัน),THB,20/01/2026,,False
1091,ส่งไปยัง true (ซัน),-200,โอนเงินออก,ไทยพาณิชย์ (ซัน),THB,20/01/2026,,True
1092,,-100,น้ำมันรถ,ไทยพาณิชย์ (ซัน),THB,20/01/2026,,False
1093,ชาตรามือ,-55,คาเฟ่,ไทยพาณิชย์ (ซัน),THB,20/01/2026,,False
1094,,-55,ข้าวกลางวัน,ไทยพาณิชย์ (ซัน),THB,20/01/2026,,False
1095,ward,-65,งานศพ,ไทยพาณิชย์ (ซัน),THB,20/01/2026,,False
1096,,-15,ขนม,ไทยพาณิชย์ (ซัน),THB,20/01/2026,,False
1097,,-139,ค่าใช้จ่ายอื่นๆ,บัวหลวง (ต่อ),THB,19/01/2026,,False
1098,ส่งไปยัง True (ต่อ),-173.77,โอนเงินออก,บัวหลวง (ต่อ),THB,19/01/2026,,True
1099,,-37,ข้าวเช้า,บัวหลวง (ต่อ),THB,19/01/2026,,False
1100,,-52,ข้าวกลางวัน,บัวหลวง (ต่อ),THB,19/01/2026,,False
1101,,-188,ข้าวเย็น,บัวหลวง (ต่อ),THB,19/01/2026,,False
1102,,-70,กีฬา,บัวหลวง (ต่อ),THB,19/01/2026,,False
1103,,-50,ขนม,บัวหลวง (ต่อ),THB,19/01/2026,,False
1104,ได้รับจาก บัวหลวง (ต่อ),173.77,โอนเงินเข้า,True (ต่อ),THB,19/01/2026,,True
1105,,-153,ข้าว7,True (ต่อ),THB,19/01/2026,,False
1106,Purra1.5 ×2,-31,ซื้อของ7,true (ซัน),THB,19/01/2026,,False
1107,ชาตรามือ,-45,คาเฟ่,ไทยพาณิชย์ (ซัน),THB,19/01/2026,,False
1108,,-35,ข้าวเช้า,ไทยพาณิชย์ (ซัน),THB,19/01/2026,,False
1109,,-20,ขนม,ไทยพาณิชย์ (ซัน),THB,19/01/2026,,False
1110,,-145,คาเฟ่,บัวหลวง (ต่อ),THB,18/01/2026,,False
1111,,-821,ข้าวเย็น,บัวหลวง (ต่อ),THB,18/01/2026,,False
1112,,-1337.97,กีฬา,เครดิตUOB(บัตรหลัก),THB,18/01/2026,,False
1113,กล้วยหอม1,-9,ซื้อของ7,true (ซัน),THB,18/01/2026,,False
1114,Coldbrew Greentea เวรดึก,-30,ซื้อของ7,true (ซัน),THB,18/01/2026,,False
1115,ส่งไปยัง ไทยพาณิชย์ (ซัน),-200,โอนเงินออก,กสิกร เงินเก็บ,THB,18/01/2026,,True
1116,ได้รับจาก กสิกร เงินเก็บ,200,โอนเงินเข้า,ไทยพาณิชย์ (ซัน),THB,18/01/2026,,True
1117,,-45,ข้าวกลางวัน,ไทยพาณิชย์ (ซัน),THB,18/01/2026,,False
1118,,-149,Spotify,เครดิตกรุงศรี Central,THB,18/01/2026,,False
1119,เป็ดให้พ่อ,-170,เพื่อน & คนรัก,บัวหลวง (ต่อ),THB,17/01/2026,,False
1120,,-60,ข้าวกลางวัน,บัวหลวง (ต่อ),THB,17/01/2026,,False
1121,ซักผ้า oterri,-200,ค่าใช้จ่ายอื่นๆ,true (ซัน),THB,17/01/2026,,False
1122,ได้รับจาก กสิกร เงินเก็บ,400,โอนเงินเข้า,true (ซัน),THB,17/01/2026,,True
1123,ข้าวเย็น+ข้าวเช้า TM,-134,ข้าว7,true (ซัน),THB,17/01/2026,,False
1124,,-155,เพื่อน & คนรัก,เครดิตกรุงศรี HomePro,THB,17/01/2026,,False
1125,ส่งไปยัง true (ซัน),-400,โอนเงินออก,กสิกร เงินเก็บ,THB,17/01/2026,,True
1126,Lotus,-428,ของใช้ภายในบ้าน,เครดิตกรุงศรี Central,THB,17/01/2026,,False
1127,,-52,ข้าวกลางวัน,บัวหลวง (ต่อ),THB,16/01/2026,,False
1128,,-396,ข้าวเย็น,บัวหลวง (ต่อ),THB,16/01/2026,,False
1129,,-150,กีฬา,บัวหลวง (ต่อ),THB,16/01/2026,,False
1130,,-45,ขนม,บัวหลวง (ต่อ),THB,16/01/2026,,False
1131,,-1130,น้ำมันรถ,เครดิตUOB(บัตรหลัก),THB,16/01/2026,,False
1132,กล้วยหอม2น้ำเปล่า1,-38,ซื้อของ7,true (ซัน),THB,16/01/2026,,False
1133,แซนวิช+น้ำเปล่า,-32,ซื้อของ7,true (ซัน),THB,16/01/2026,,False
1134,,-52,ข้าวกลางวัน,บัวหลวง (ต่อ),THB,15/01/2026,,False
1135,,-150,กีฬา,บัวหลวง (ต่อ),THB,15/01/2026,,False
1136,,-55,ขนม,บัวหลวง (ต่อ),THB,15/01/2026,,False
1137,,-155,ขนม,บัวหลวง (ต่อ),THB,15/01/2026,,False
1138,,-34,คาเฟ่,True (ต่อ),THB,15/01/2026,,False
1139,กล้วยหอม2น้ำเปล่า1,-38,ซื้อของ7,true (ซัน),THB,15/01/2026,,False
1140,แซนวิช+นม,-34,ซื้อของ7,true (ซัน),THB,15/01/2026,,False
1141,,-20,ค่าโทรศัพท์,ไทยพาณิชย์ (ซัน),THB,15/01/2026,,False
1142,ชาตรามือ,-55,คาเฟ่,ไทยพาณิชย์ (ซัน),THB,15/01/2026,,False
1143,,-45,ข้าวกลางวัน,ไทยพาณิชย์ (ซัน),THB,15/01/2026,,False
1144,,-37,ข้าวเช้า,บัวหลวง (ต่อ),THB,14/01/2026,,False
1145,,-52,ข้าวกลางวัน,บัวหลวง (ต่อ),THB,14/01/2026,,False
1146,,-40,ขนม,บัวหลวง (ต่อ),THB,14/01/2026,,False
1147,น้ำเปล่า1,-12,ซื้อของ7,true (ซัน),THB,14/01/2026,,False
1148,,-45,ข้าวเย็น,ไทยพาณิชย์ (ซัน),THB,14/01/2026,,False
1149,,-37,ข้าวเช้า,บัวหลวง (ต่อ),THB,13/01/2026,,False
1150,,-52,ข้าวกลางวัน,บัวหลวง (ต่อ),THB,13/01/2026,,False
1151,,-300,กีฬา,บัวหลวง (ต่อ),THB,13/01/2026,,False
1152,,-45,ขนม,บัวหลวง (ต่อ),THB,13/01/2026,,False
1153,ได้รับจาก กสิกร เงินเก็บ,200,โอนเงินเข้า,true (ซัน),THB,13/01/2026,,True
1154,ส่งไปยัง true (ซัน),-200,โอนเงินออก,กสิกร เงินเก็บ,THB,13/01/2026,,True
1155,,-30,ข้าวเช้า,ไทยพาณิชย์ (ซัน),THB,13/01/2026,,False
1156,ตักบาตรวอร์ด,-48,การกุศล,ไทยพาณิชย์ (ซัน),THB,13/01/2026,,False
1157,น้ำเปล่า 3 แพค,-118,ของใช้ภายในบ้าน,true (ซัน),THB,13/01/2026,,False
1158,,-130.33,ค่าน้ำประปา,บัวหลวง (ต่อ),THB,12/01/2026,,False
1159,,-37,ข้าวเช้า,บัวหลวง (ต่อ),THB,12/01/2026,,False
1160,,-60,กีฬา,บัวหลวง (ต่อ),THB,12/01/2026,,False
1161,,-25,ขนม,บัวหลวง (ต่อ),THB,12/01/2026,,False
1162,,-500,น้ำมันรถ,เครดิตUOB(บัตรหลัก),THB,12/01/2026,,False
1163,,-442.64,ของทำกับข้าว,เครดิตUOB(บัตรหลัก),THB,12/01/2026,,False
1164,,-107,ข้าว7,true (ซัน),THB,12/01/2026,,False
1165,ค่าน้ำบ้านหางดง,-26,ค่าน้ำประปา,ไทยพาณิชย์ (ซัน),THB,12/01/2026,,False
1166,,-50,ข้าวกลางวัน,ไทยพาณิชย์ (ซัน),THB,12/01/2026,,False
1167,ของขวัญขึ้นใหม่+ค่าศพวอร์ด,-120,งานศพ,ไทยพาณิชย์ (ซัน),THB,12/01/2026,,False
1168,,-10,ซื้อของ7,ไทยพาณิชย์ (ซัน),THB,12/01/2026,,False
1169,,-400,ตัดผม,บัวหลวง (ต่อ),THB,11/01/2026,,False
1170,,-364.68,ของทำกับข้าว,เครดิตUOB(บัตรหลัก),THB,11/01/2026,,False
1171,,-419,Netflix,เครดิตUOB(บัตรหลัก),THB,11/01/2026,,False
1172,,-3750,อาหารเสริม,เครดิตUOB(บัตรหลัก),THB,11/01/2026,,False
1173,,-179,ของหวาน,บัวหลวง (ต่อ),THB,11/01/2026,,False
1174,เที่ยวคอน,-300,บันเทิง,บัวหลวง (ต่อ),THB,10/01/2026,,False
1175,เที่ยวคอน,-1900,ถอนเงิน,บัวหลวง (ต่อ),THB,10/01/2026,,False
1176,,-120,ข้าวกลางวัน,บัวหลวง (ต่อ),THB,10/01/2026,,False
1177,ได้รับจาก ไทยพาณิชย์ (ซัน),200,โอนเงินเข้า,true (ซัน),THB,10/01/2026,,True
1178,,-151,ซื้อของ7,true (ซัน),THB,10/01/2026,,False
1179,ส่งไปยัง true (ซัน),-200,โอนเงินออก,ไทยพาณิชย์ (ซัน),THB,10/01/2026,,True
1180,ผ้ามัดย้อม,-100,เสื้อผ้า,ไทยพาณิชย์ (ซัน),THB,10/01/2026,,False
1181,,-135,คาเฟ่,ไทยพาณิชย์ (ซัน),THB,10/01/2026,,False
1182,,-37,ข้าวเช้า,บัวหลวง (ต่อ),THB,09/01/2026,,False
1183,,-289.33,ข้าวเย็น,บัวหลวง (ต่อ),THB,09/01/2026,,False
1184,,-40,ขนม,บัวหลวง (ต่อ),THB,09/01/2026,,False
1185,,-70,คาเฟ่,ไทยพาณิชย์ (ซัน),THB,09/01/2026,,False
1186,,-55,ข้าวเช้า,ไทยพาณิชย์ (ซัน),THB,09/01/2026,,False
1187,,-3000,ตัดผม,ไทยพาณิชย์ (ซัน),THB,09/01/2026,,False
1188,,-20,ค่าโทรศัพท์,บัวหลวง (ต่อ),THB,08/01/2026,,False
1189,,-37,ข้าวเช้า,บัวหลวง (ต่อ),THB,08/01/2026,,False
1190,,-47,ข้าวกลางวัน,บัวหลวง (ต่อ),THB,08/01/2026,,False
1191,,-25,ขนม,บัวหลวง (ต่อ),THB,08/01/2026,,False
1192,,-115,ของทำกับข้าว,บัวหลวง (ต่อ),THB,08/01/2026,,False
1193,,-500,น้ำมันรถ,เครดิตUOB(บัตรหลัก),THB,08/01/2026,,False
1194,,-179,ค่าYoutube,เครดิตUOB(บัตรหลัก),THB,08/01/2026,,False
1195,ได้รับจาก ไทยพาณิชย์ (ซัน),200,โอนเงินเข้า,true (ซัน),THB,08/01/2026,,True
1196,,-30,ซื้อของ7,true (ซัน),THB,08/01/2026,,False
1197,,-68,ซื้อของ7,true (ซัน),THB,08/01/2026,,False
1198,ประกันสุขภาพรพ.,1855,รายได้อื่นๆ,ไทยพาณิชย์ (ซัน),THB,08/01/2026,,False
1199,ประกันสุขภาพรพ.,495.4,รายได้อื่นๆ,ไทยพาณิชย์ (ซัน),THB,08/01/2026,,False
1200,ส่งไปยัง true (ซัน),-200,โอนเงินออก,ไทยพาณิชย์ (ซัน),THB,08/01/2026,,True
1201,ชาตรามือ,-65,คาเฟ่,ไทยพาณิชย์ (ซัน),THB,08/01/2026,,False
1202,,-60,ข้าวกลางวัน,ไทยพาณิชย์ (ซัน),THB,08/01/2026,,False
1203,โต๊ะแคมป์,-550,ช้อปปิ้ง,บัวหลวง (ต่อ),THB,07/01/2026,,False
1204,เสื้อบอล,-270,เสื้อผ้า,บัวหลวง (ต่อ),THB,07/01/2026,,False
1205,,-37,ข้าวเช้า,บัวหลวง (ต่อ),THB,07/01/2026,,False
1206,,-52,ข้าวกลางวัน,บัวหลวง (ต่อ),THB,07/01/2026,,False
1207,,-150,กีฬา,บัวหลวง (ต่อ),THB,07/01/2026,,False
1208,,-25,ขนม,บัวหลวง (ต่อ),THB,07/01/2026,,False
1209,,-61,ซื้อของ7,true (ซัน),THB,07/01/2026,,False
1210,,-23,ซื้อของ7,true (ซัน),THB,07/01/2026,,False
1211,,-55,คาเฟ่,ไทยพาณิชย์ (ซัน),THB,07/01/2026,,False
1212,,-40,ข้าวกลางวัน,ไทยพาณิชย์ (ซัน),THB,07/01/2026,,False
1213,ส่งไปยัง Bitcoin,-10000,การลงทุน,บัวหลวง (ต่อ),THB,06/01/2026,,True
1214,,44537.04,เงินเดือน,บัวหลวง (ต่อ),THB,06/01/2026,,False
1215,ส่งไปยัง กสิกร (ต่อ),-826.27,โอนเงินออก,บัวหลวง (ต่อ),THB,06/01/2026,,True
1216,,-400,ค่าส่วนกลางหมู่บ้าน,บัวหลวง (ต่อ),THB,06/01/2026,,False
1217,,-880,จ่ายบัตรเครดิต,บัวหลวง (ต่อ),THB,06/01/2026,,False
1218,,-37,ข้าวเช้า,บัวหลวง (ต่อ),THB,06/01/2026,,False
1219,,-52,ข้าวกลางวัน,บัวหลวง (ต่อ),THB,06/01/2026,,False
1220,,-80,ขนม,บัวหลวง (ต่อ),THB,06/01/2026,,False
1221,ส่งไปยัง เครดิตUOB,-25980.29,จ่ายบัตรเครดิต,กสิกร (ต่อ),THB,06/01/2026,,True
1222,ได้รับจาก บัวหลวง (ต่อ),826.27,โอนเงินเข้า,กสิกร (ต่อ),THB,06/01/2026,,True
1223,,-750,ค่าAI,เครดิตUOB(บัตรหลัก),THB,06/01/2026,,False
1224,,-739.67,ของทำกับข้าว,เครดิตUOB(บัตรหลัก),THB,06/01/2026,,False
1225,ได้รับจาก กสิกร (ต่อ),25980.29,รับค่าชำระบัตรเครดิต,เครดิตUOB(บัตรหลัก),THB,06/01/2026,,True
1226,ได้รับจาก บัวหลวง (ต่อ),10000,โอนเงินเข้า,Bitcoin,THB,06/01/2026,,True
1227,,-55,ซื้อของ7,true (ซัน),THB,06/01/2026,,False
1228,ส่งไปยัง ไทยพาณิชย์ (ซัน),-5000,โอนเงินออก,กสิกร เงินเก็บ,THB,06/01/2026,,True
1229,ได้รับจาก กสิกร เงินเก็บ,5000,โอนเงินเข้า,ไทยพาณิชย์ (ซัน),THB,06/01/2026,,True
1230,,-2500,ค่าอินเตอร์เน็ต,ไทยพาณิชย์ (ซัน),THB,06/01/2026,,False
1231,ชาตรามือ,-55,คาเฟ่,ไทยพาณิชย์ (ซัน),THB,06/01/2026,,False
1232,,-55,ข้าวกลางวัน,ไทยพาณิชย์ (ซัน),THB,06/01/2026,,False
1233,กล้วยหอม,-25,ผลไม้,ไทยพาณิชย์ (ซัน),THB,06/01/2026,,False
1234,น้ำยาซักผ้า,-353,ของใช้ภายในบ้าน,ไทยพาณิชย์ (ซัน),THB,06/01/2026,,False
1235,,-50,คาเฟ่,บัวหลวง (ต่อ),THB,05/01/2026,,False
1236,,-37,ข้าวเช้า,บัวหลวง (ต่อ),THB,05/01/2026,,False
1237,,-52,ข้าวกลางวัน,บัวหลวง (ต่อ),THB,05/01/2026,,False
1238,,-180,ข้าวเย็น,บัวหลวง (ต่อ),THB,05/01/2026,,False
1239,,-150,กีฬา,บัวหลวง (ต่อ),THB,05/01/2026,,False
1240,,-40,ขนม,บัวหลวง (ต่อ),THB,05/01/2026,,False
1241,,-40,ขนม,บัวหลวง (ต่อ),THB,05/01/2026,,False
1242,ชาตรามือ,-65,คาเฟ่,ไทยพาณิชย์ (ซัน),THB,05/01/2026,,False
1243,60,-60,ข้าวเช้า,ไทยพาณิชย์ (ซัน),THB,05/01/2026,,False
1244,,-20,ขนม,ไทยพาณิชย์ (ซัน),THB,05/01/2026,,False
1245,ฟูจิ 2,-40,ผลไม้,ไทยพาณิชย์ (ซัน),THB,05/01/2026,,False
1246,,-500,น้ำมันรถ,บัวหลวง (ต่อ),THB,04/01/2026,,False
1247,,-882.19,ค่าไฟฟ้า,บัวหลวง (ต่อ),THB,04/01/2026,,False
1248,,-114,คาเฟ่,บัวหลวง (ต่อ),THB,04/01/2026,,False
1249,,-137,ข้าวเช้า,บัวหลวง (ต่อ),THB,04/01/2026,,False
1250,,-146,ข้าวเย็น,บัวหลวง (ต่อ),THB,04/01/2026,,False
1251,,-80,คาเฟ่,ไทยพาณิชย์ (ซัน),THB,04/01/2026,,False
1252,,-110,คาเฟ่,บัวหลวง (ต่อ),THB,03/01/2026,,False
1253,,-160,ข้าวกลางวัน,บัวหลวง (ต่อ),THB,03/01/2026,,False
1254,,-539,ข้าวเย็น,บัวหลวง (ต่อ),THB,03/01/2026,,False
1255,,-315,กีฬา,บัวหลวง (ต่อ),THB,03/01/2026,,False
1256,,-900,สปา,เครดิตUOB(บัตรหลัก),THB,03/01/2026,,False
1257,,-127,ข้าวเช้า,true (ซัน),THB,03/01/2026,,False
1258,,15225.42,โอนเงินเข้า,กสิกร เงินเก็บ,THB,03/01/2026,,False
1259,ยอดเงินเริ่มต้น,130580,รายได้อื่นๆ,สหกรณ์ มช.(หุ้น),THB,03/01/2026,,False
1260,สุกี้ที่วอร์ด,-115,ข้าวเย็น,ไทยพาณิชย์ (ซัน),THB,03/01/2026,,False
1261,,-80,คาเฟ่,บัวหลวง (ต่อ),THB,02/01/2026,,False
1262,,-179,ข้าวเย็น,บัวหลวง (ต่อ),THB,02/01/2026,,False
1263,,-37,ค่ายา,บัวหลวง (ต่อ),THB,02/01/2026,,False
1264,,-239,ของทำกับข้าว,บัวหลวง (ต่อ),THB,02/01/2026,,False
1265,,-841,ค่าอินเตอร์เน็ต,เครดิตUOB(บัตรหลัก),THB,02/01/2026,,False
1266,,307.5,รายได้อื่นๆ,true (ซัน),THB,02/01/2026,,False
1267,,32.23,รายได้อื่นๆ,กสิกร(ซัน),THB,02/01/2026,,False
1268,,455.39,รายได้อื่นๆ,ไทยพาณิชย์ (ซัน),THB,02/01/2026,,False
1269,,-703.31,ปาตี้,บัวหลวง (ต่อ),THB,01/01/2026,,False
1270,,-150,กีฬา,บัวหลวง (ต่อ),THB,01/01/2026,,False
1271,,-1826.27,shoppe,กสิกร (ต่อ),THB,01/01/2026,,False
1272,,-519.6,ของทำกับข้าว,บัวหลวง (ต่อ),THB,01/01/2026,,False
1273,,-80,คาเฟ่,บัวหลวง (ต่อ),THB,31/12/2025,,False
1274,,-407,ของทำกับข้าว,บัวหลวง (ต่อ),THB,31/12/2025,,False
1275,,-100,คาเฟ่,บัวหลวง (ต่อ),THB,30/12/2025,,False
1276,,-300,กีฬา,บัวหลวง (ต่อ),THB,30/12/2025,,False
1277,,-1234.67,ช้อปปิ้ง,บัวหลวง (ต่อ),THB,29/12/2025,,False
1278,ส่งไปยัง กสิกร,-1000,โอนเงินออก,บัวหลวง (ต่อ),THB,29/12/2025,,True
1279,,20.57,โอนเงินเข้า,บัวหลวง (ต่อ),THB,29/12/2025,,False
1280,ได้รับจาก เงินเดือน (บัวหลวง),1000,โอนเงินเข้า,กสิกร (ต่อ),THB,29/12/2025,,True
1281,,25291.53,โอนเงินเข้า,เงินลงทุน(หุ้น),THB,29/12/2025,,False
1282,,-720,ปาตี้,บัวหลวง (ต่อ),THB,28/12/2025,,False
1283,ของฝากแม่ซัน,-495,เพื่อน & คนรัก,เครดิตUOB(บัตรหลัก),THB,27/12/2025,,False
1284,ของฝากเค,-799,เพื่อน & คนรัก,เครดิตUOB(บัตรหลัก),THB,27/12/2025,,False
1285,,-1000,น้ำมันรถ,เครดิตUOB(บัตรหลัก),THB,27/12/2025,,False
1286,,-524,ข้าวกลางวัน,เครดิตUOB(บัตรหลัก),THB,27/12/2025,,False
1287,เป็ดหมูกรอบพ่อ,-433,ข้าวเย็น,เครดิตUOB(บัตรหลัก),THB,27/12/2025,,False
1288,,-37,ข้าวเช้า,บัวหลวง (ต่อ),THB,26/12/2025,,False
1289,,-30,ข้าวกลางวัน,บัวหลวง (ต่อ),THB,26/12/2025,,False
1290,,-269,ข้าวเย็น,บัวหลวง (ต่อ),THB,26/12/2025,,False
1291,,-500,ค่ายา,บัวหลวง (ต่อ),THB,26/12/2025,,False
1292,,-40,ขนม,บัวหลวง (ต่อ),THB,26/12/2025,,False
1293,ของขวัญปีใหม่,-205.65,เพื่อน & คนรัก,บัวหลวง (ต่อ),THB,25/12/2025,,False
1294,ส่งไปยัง กสิกร,-3560.94,โอนเงินออก,บัวหลวง (ต่อ),THB,25/12/2025,,True
1295,ได้รับจาก เงินลงทุน(หุ้น),5000,โอนเงินเข้า,บัวหลวง (ต่อ),THB,25/12/2025,,True
1296,,-30,ข้าวกลางวัน,บัวหลวง (ต่อ),THB,25/12/2025,,False
1297,,-40,ขนม,บัวหลวง (ต่อ),THB,25/12/2025,,False
1298,,23.07,รายได้อื่นๆ,กสิกร (ต่อ),THB,25/12/2025,,False
1299,ได้รับจาก เงินเดือน (บัวหลวง),3560.94,โอนเงินเข้า,กสิกร (ต่อ),THB,25/12/2025,,True
1300,ส่งไปยัง เงินเดือน (บัวหลวง),-5000,โอนเงินออก,เงินลงทุน(หุ้น),THB,25/12/2025,,True
1301,ส่งไปยัง กสิกร,-5000,โอนเงินออก,บัวหลวง (ต่อ),THB,24/12/2025,,True
1302,,5000,โอนเงินเข้า,บัวหลวง (ต่อ),THB,24/12/2025,,False
1303,,-37,ข้าวเช้า,บัวหลวง (ต่อ),THB,24/12/2025,,False
1304,,-30,ข้าวกลางวัน,บัวหลวง (ต่อ),THB,24/12/2025,,False
1305,,-70,กีฬา,บัวหลวง (ต่อ),THB,24/12/2025,,False
1306,,-43,ขนม,บัวหลวง (ต่อ),THB,24/12/2025,,False
1307,ได้รับจาก เงินเดือน (บัวหลวง),5000,โอนเงินเข้า,กสิกร (ต่อ),THB,24/12/2025,,True
1308,,-196.25,ของทำกับข้าว,บัวหลวง (ต่อ),THB,24/12/2025,,False
1309,,1.09,โอนเงินเข้า,เครดิตUOB(บัตรหลัก),THB,24/12/2025,,False
1310,,-500,น้ำมันรถ,บัวหลวง (ต่อ),THB,23/12/2025,,False
1311,,-37,ข้าวเช้า,บัวหลวง (ต่อ),THB,23/12/2025,,False
1312,,-30,ข้าวกลางวัน,บัวหลวง (ต่อ),THB,23/12/2025,,False
1313,,-70,กีฬา,บัวหลวง (ต่อ),THB,23/12/2025,,False
1314,,-50,ขนม,บัวหลวง (ต่อ),THB,23/12/2025,,False
1315,,-236,ค่าใช้จ่ายอื่นๆ,บัวหลวง (ต่อ),THB,22/12/2025,,False
1316,,-74,ข้าวเช้า,บัวหลวง (ต่อ),THB,22/12/2025,,False
1317,,-75,ข้าวกลางวัน,บัวหลวง (ต่อ),THB,22/12/2025,,False
1318,,-220,ข้าวเย็น,บัวหลวง (ต่อ),THB,22/12/2025,,False
1319,,-150,ปาตี้,บัวหลวง (ต่อ),THB,22/12/2025,,False
1320,,-60,กีฬา,บัวหลวง (ต่อ),THB,22/12/2025,,False
1321,,-40,ขนม,บัวหลวง (ต่อ),THB,22/12/2025,,False
1322,,-129,ล้างรถ,บัวหลวง (ต่อ),THB,22/12/2025,,False
1323,,-1290,เสื้อผ้า,บัวหลวง (ต่อ),THB,21/12/2025,,False
1324,,-48,ข้าวกลางวัน,บัวหลวง (ต่อ),THB,21/12/2025,,False
1325,,-236,ข้าวเย็น,บัวหลวง (ต่อ),THB,21/12/2025,,False
1326,ทำสติ๊กเกอร์เข้าหมู่บ้านเพิ่ม,-50,ค่าส่วนกลางหมู่บ้าน,บัวหลวง (ต่อ),THB,20/12/2025,,False
1327,,-80,คาเฟ่,บัวหลวง (ต่อ),THB,20/12/2025,,False
1328,,-60,ข้าวกลางวัน,บัวหลวง (ต่อ),THB,20/12/2025,,False
1329,ทำของปีใหม่,-136,เพื่อน & คนรัก,บัวหลวง (ต่อ),THB,19/12/2025,,False
1330,,-80,เพื่อน & คนรัก,บัวหลวง (ต่อ),THB,19/12/2025,,False
1331,เงินซัน,5000,โอนเงินเข้า,บัวหลวง (ต่อ),THB,19/12/2025,,False
1332,,-37,ข้าวเช้า,บัวหลวง (ต่อ),THB,19/12/2025,,False
1333,,-75,ข้าวกลางวัน,บัวหลวง (ต่อ),THB,19/12/2025,,False
1334,,-244,ข้าวเย็น,บัวหลวง (ต่อ),THB,19/12/2025,,False
1335,,-40,ขนม,บัวหลวง (ต่อ),THB,19/12/2025,,False
1336,,-267,ของทำกับข้าว,บัวหลวง (ต่อ),THB,19/12/2025,,False
1337,,-135,ค่าใช้จ่ายอื่นๆ,บัวหลวง (ต่อ),THB,18/12/2025,,False
1338,ส่งไปยัง กสิกร,-254,โอนเงินออก,บัวหลวง (ต่อ),THB,18/12/2025,,True
1339,ส่งไปยัง กสิกร,-1160,โอนเงินออก,บัวหลวง (ต่อ),THB,18/12/2025,,True
1340,,-87,ข้าวเช้า,บัวหลวง (ต่อ),THB,18/12/2025,,False
1341,,-75,ข้าวกลางวัน,บัวหลวง (ต่อ),THB,18/12/2025,,False
1342,,-89,ขนม,บัวหลวง (ต่อ),THB,18/12/2025,,False
1343,,-40,ขนม,บัวหลวง (ต่อ),THB,18/12/2025,,False
1344,ได้รับจาก เงินเดือน (บัวหลวง),254,โอนเงินเข้า,กสิกร (ต่อ),THB,18/12/2025,,True
1345,ได้รับจาก เงินเดือน (บัวหลวง),1160,โอนเงินเข้า,กสิกร (ต่อ),THB,18/12/2025,,True
1346,,-1160,น้ำมันรถ,เครดิตUOB(บัตรหลัก),THB,18/12/2025,,False
1347,,-254,ของทำกับข้าว,เครดิตUOB(บัตรหลัก),THB,18/12/2025,,False
1348,,-37,ข้าวเช้า,บัวหลวง (ต่อ),THB,17/12/2025,,False
1349,,-75,ข้าวกลางวัน,บัวหลวง (ต่อ),THB,17/12/2025,,False
1350,,-60,กีฬา,บัวหลวง (ต่อ),THB,17/12/2025,,False
1351,,-40,ขนม,บัวหลวง (ต่อ),THB,17/12/2025,,False
1352,,-218,ของทำกับข้าว,บัวหลวง (ต่อ),THB,17/12/2025,,False
1353,,-74,ข้าวเช้า,บัวหลวง (ต่อ),THB,16/12/2025,,False
1354,,-140,ปาตี้,บัวหลวง (ต่อ),THB,16/12/2025,,False
1355,,-600,ปาตี้,บัวหลวง (ต่อ),THB,16/12/2025,,False
1356,ส่งไปยัง กสิกร,-2150,โอนเงินออก,บัวหลวง (ต่อ),THB,15/12/2025,,True
1357,ส่งไปยัง เงินลงทุน,-40000,โอนเงินออก,บัวหลวง (ต่อ),THB,15/12/2025,,True
1358,ส่งไปยัง กสิกร,-1022,โอนเงินออก,บัวหลวง (ต่อ),THB,15/12/2025,,True
1359,,-119,ข้าวเย็น,บัวหลวง (ต่อ),THB,15/12/2025,,False
1360,,-45,ขนม,บัวหลวง (ต่อ),THB,15/12/2025,,False
1361,,47833.56,โบนัส,บัวหลวง (ต่อ),THB,15/12/2025,,False
1362,ได้รับจาก เงินเดือน (บัวหลวง),2150,โอนเงินเข้า,กสิกร (ต่อ),THB,15/12/2025,,True
1363,ได้รับจาก เงินเดือน (บัวหลวง),1022,โอนเงินเข้า,กสิกร (ต่อ),THB,15/12/2025,,True
1364,,-158.9,โอนเงินออก,เงินลงทุน(หุ้น),THB,15/12/2025,,False
1365,ได้รับจาก เงินเดือน (บัวหลวง),40000,โอนเงินเข้า,เงินลงทุน(หุ้น),THB,15/12/2025,,True
1366,,-1022,ของใช้ส่วนตัว,เครดิตUOB(บัตรหลัก),THB,15/12/2025,,False
1367,,-500,น้ำมันรถ,บัวหลวง (ต่อ),THB,14/12/2025,,False
1368,ทำกุญแจ,-80,โฮมเซอร์วิส,บัวหลวง (ต่อ),THB,14/12/2025,,False
1369,,-90,คาเฟ่,บัวหลวง (ต่อ),THB,14/12/2025,,False
1370,,-630,ปาตี้,บัวหลวง (ต่อ),THB,13/12/2025,,False
1371,,-720,ปาตี้,บัวหลวง (ต่อ),THB,13/12/2025,,False
1372,,-20,ค่าใช้จ่ายอื่นๆ,บัวหลวง (ต่อ),THB,12/12/2025,,False
1373,ส่งไปยัง กสิกร,-2150,โอนเงินออก,บัวหลวง (ต่อ),THB,12/12/2025,,True
1374,,-62,ข้าวเช้า,บัวหลวง (ต่อ),THB,12/12/2025,,False
1375,,-120,ข้าวเย็น,บัวหลวง (ต่อ),THB,12/12/2025,,False
1376,,-150,กีฬา,บัวหลวง (ต่อ),THB,12/12/2025,,False
1377,,-82,ขนม,บัวหลวง (ต่อ),THB,12/12/2025,,False
1378,,830.9,เงินปันผล,บัวหลวง (ต่อ),THB,12/12/2025,,False
1379,ได้รับจาก เงินเดือน (บัวหลวง),2150,โอนเงินเข้า,กสิกร (ต่อ),THB,12/12/2025,,True
1380,,-317,ของทำกับข้าว,บัวหลวง (ต่อ),THB,12/12/2025,,False
1381,,-150.01,ค่าใช้จ่ายอื่นๆ,บัวหลวง (ต่อ),THB,11/12/2025,,False
1382,ส่งไปยัง กสิกร,-419,โอนเงินออก,บัวหลวง (ต่อ),THB,11/12/2025,,True
1383,,-97.58,ค่าน้ำประปา,บัวหลวง (ต่อ),THB,11/12/2025,,False
1384,,-40,ขนม,บัวหลวง (ต่อ),THB,11/12/2025,,False
1385,,0.01,รายได้อื่นๆ,กสิกร (ต่อ),THB,11/12/2025,,False
1386,ได้รับจาก เงินเดือน (บัวหลวง),419,โอนเงินเข้า,กสิกร (ต่อ),THB,11/12/2025,,True
1387,,-500,น้ำมันรถ,บัวหลวง (ต่อ),THB,10/12/2025,,False
1388,,-37,ข้าวเช้า,บัวหลวง (ต่อ),THB,10/12/2025,,False
1389,,-260,ปาตี้,บัวหลวง (ต่อ),THB,10/12/2025,,False
1390,,-70,ขนม,บัวหลวง (ต่อ),THB,10/12/2025,,False
1391,,-419,Netflix,เครดิตUOB(บัตรหลัก),THB,10/12/2025,,False
1392,ส่งไปยัง กสิกร,-179,โอนเงินออก,บัวหลวง (ต่อ),THB,09/12/2025,,True
1393,,-37,ข้าวเช้า,บัวหลวง (ต่อ),THB,09/12/2025,,False
1394,,-30,ข้าวกลางวัน,บัวหลวง (ต่อ),THB,09/12/2025,,False
1395,,-900,ปาตี้,บัวหลวง (ต่อ),THB,09/12/2025,,False
1396,,-49,ขนม,บัวหลวง (ต่อ),THB,09/12/2025,,False
1397,,-40,ขนม,บัวหลวง (ต่อ),THB,09/12/2025,,False
1398,,976.5,เงินปันผล,บัวหลวง (ต่อ),THB,09/12/2025,,False
1399,ได้รับจาก เงินเดือน (บัวหลวง),179,โอนเงินเข้า,กสิกร (ต่อ),THB,09/12/2025,,True
1400,ส่งไปยัง เงินลงทุน,-25000,โอนเงินออก,บัวหลวง (ต่อ),THB,08/12/2025,,True
1401,,-54,ข้าวเช้า,บัวหลวง (ต่อ),THB,08/12/2025,,False
1402,,-60,กีฬา,บัวหลวง (ต่อ),THB,08/12/2025,,False
1403,,-275,ของใช้ส่วนตัว,บัวหลวง (ต่อ),THB,08/12/2025,,False
1404,,-1100,สปา,บัวหลวง (ต่อ),THB,08/12/2025,,False
1405,,-70,ขนม,บัวหลวง (ต่อ),THB,08/12/2025,,False
1406,ได้รับจาก เงินเดือน (บัวหลวง),25000,โอนเงินเข้า,เงินลงทุน(หุ้น),THB,08/12/2025,,True
1407,,-179,ค่าYoutube,เครดิตUOB(บัตรหลัก),THB,08/12/2025,,False
1408,,-95,คาเฟ่,บัวหลวง (ต่อ),THB,07/12/2025,,False
1409,,-160,ข้าวเย็น,บัวหลวง (ต่อ),THB,07/12/2025,,False
1410,,-243,ของใช้ส่วนตัว,บัวหลวง (ต่อ),THB,07/12/2025,,False
1411,ส่งไปยัง กสิกร,-750.9,โอนเงินออก,บัวหลวง (ต่อ),THB,06/12/2025,,True
1412,,-59,ข้าวกลางวัน,บัวหลวง (ต่อ),THB,06/12/2025,,False
1413,,-20,ขนม,บัวหลวง (ต่อ),THB,06/12/2025,,False
1414,ได้รับจาก เงินเดือน (บัวหลวง),750.9,โอนเงินเข้า,กสิกร (ต่อ),THB,06/12/2025,,True
1415,,-427.74,ของทำกับข้าว,บัวหลวง (ต่อ),THB,06/12/2025,,False
1416,,-750,ค่าAI,เครดิตUOB(บัตรหลัก),THB,06/12/2025,,False
1417,,59100.22,เงินเดือน,บัวหลวง (ต่อ),THB,05/12/2025,,False
1418,ส่งไปยัง กสิกร,-1792.46,โอนเงินออก,บัวหลวง (ต่อ),THB,05/12/2025,,True
1419,ส่งไปยัง กสิกร,-529,โอนเงินออก,บัวหลวง (ต่อ),THB,05/12/2025,,True
1420,ส่งไปยัง กสิกร,-5031.18,โอนเงินออก,บัวหลวง (ต่อ),THB,05/12/2025,,True
1421,,-500,น้ำมันรถ,บัวหลวง (ต่อ),THB,05/12/2025,,False
1422,,-400,ค่าส่วนกลางหมู่บ้าน,บัวหลวง (ต่อ),THB,05/12/2025,,False
1423,,-4359,จ่ายบัตรเครดิต,บัวหลวง (ต่อ),THB,05/12/2025,,False
1424,,-250,กีฬา,บัวหลวง (ต่อ),THB,05/12/2025,,False
1425,,-677.59,shoppe,บัวหลวง (ต่อ),THB,05/12/2025,,False
1426,ได้รับจาก เงินเดือน (บัวหลวง),1792.46,โอนเงินเข้า,กสิกร (ต่อ),THB,05/12/2025,,True
1427,ได้รับจาก เงินเดือน (บัวหลวง),529,โอนเงินเข้า,กสิกร (ต่อ),THB,05/12/2025,,True
1428,ได้รับจาก เงินเดือน (บัวหลวง),5031.18,โอนเงินเข้า,กสิกร (ต่อ),THB,05/12/2025,,True
1429,,760,โอนเงินเข้า,กสิกร (ต่อ),THB,05/12/2025,,False
1430,,-106,ข้าวgrab,บัวหลวง (ต่อ),THB,05/12/2025,,False
1431,,-374.4,ของทำกับข้าว,บัวหลวง (ต่อ),THB,05/12/2025,,False
1432,,-3306.91,อาหารเสริม,เครดิตUOB(บัตรหลัก),THB,05/12/2025,,False
1433,เดทวันแรก,-4059,เพื่อน & คนรัก,บัวหลวง (ต่อ),THB,04/12/2025,,False
1434,,-760,ภาพยนตร์,เครดิตUOB(บัตรหลัก),THB,04/12/2025,,False
1435,ส่งไปยัง True,-100,โอนเงินออก,บัวหลวง (ต่อ),THB,03/12/2025,,True
1436,,-37,ข้าวเช้า,บัวหลวง (ต่อ),THB,03/12/2025,,False
1437,,-75,ข้าวกลางวัน,บัวหลวง (ต่อ),THB,03/12/2025,,False
1438,,-65,ค่ายา,บัวหลวง (ต่อ),THB,03/12/2025,,False
1439,,-46,ขนม,บัวหลวง (ต่อ),THB,03/12/2025,,False
1440,ได้รับจาก เงินเดือน (บัวหลวง),100,โอนเงินเข้า,True (ต่อ),THB,03/12/2025,,True
1441,,-67,ซื้อของ7,True (ต่อ),THB,03/12/2025,,False
1442,Trading view,-5529,อุปกรณ์อิเล็กทรอนิกส์,เครดิตUOB(บัตรหลัก),THB,03/12/2025,,False
1443,ซื้อของtiktok,-218.9,ช้อปปิ้ง,บัวหลวง (ต่อ),THB,02/12/2025,,False
1444,ได้รับจาก เงินลงทุน,3000,โอนเงินเข้า,บัวหลวง (ต่อ),THB,02/12/2025,,True
1445,,-37,ข้าวเช้า,บัวหลวง (ต่อ),THB,02/12/2025,,False
1446,,-60,ค่ายา,บัวหลวง (ต่อ),THB,02/12/2025,,False
1447,,-76,ค่ายา,บัวหลวง (ต่อ),THB,02/12/2025,,False
1448,,-46,ขนม,บัวหลวง (ต่อ),THB,02/12/2025,,False
1449,ส่งไปยัง เงินเดือน (บัวหลวง),-3000,โอนเงินออก,เงินลงทุน(หุ้น),THB,02/12/2025,,True
1450,,-258,ของทำกับข้าว,บัวหลวง (ต่อ),THB,02/12/2025,,False
1451,งานปีใหม่,-5377.38,ค่าโรงแรม,เครดิตUOB(บัตรหลัก),THB,02/12/2025,,False
1452,,-37,ข้าวเช้า,บัวหลวง (ต่อ),THB,01/12/2025,,False
1453,,-70,กีฬา,บัวหลวง (ต่อ),THB,01/12/2025,,False
1454,,-55,ขนม,บัวหลวง (ต่อ),THB,01/12/2025,,False
1455,ส่งไปยัง กสิกร,-381,โอนเงินออก,บัวหลวง (ต่อ),THB,30/11/2025,,True
1456,ส่งไปยัง กสิกร,-817.73,โอนเงินออก,บัวหลวง (ต่อ),THB,30/11/2025,,True
1457,,-35,คาเฟ่,บัวหลวง (ต่อ),THB,30/11/2025,,False
1458,,-203,ข้าวกลางวัน,บัวหลวง (ต่อ),THB,30/11/2025,,False
1459,,-45,ขนม,บัวหลวง (ต่อ),THB,30/11/2025,,False
1460,ได้รับจาก เงินเดือน (บัวหลวง),381,โอนเงินเข้า,กสิกร (ต่อ),THB,30/11/2025,,True
1461,ได้รับจาก เงินเดือน (บัวหลวง),817.73,โอนเงินเข้า,กสิกร (ต่อ),THB,30/11/2025,,True
1462,,-6875.4,โอนเงินออก,เงินลงทุน(หุ้น),THB,30/11/2025,,False
1463,,-381,ของทำกับข้าว,เครดิตUOB(บัตรหลัก),THB,30/11/2025,,False
1464,,-141,ช้อปปิ้ง,บัวหลวง (ต่อ),THB,29/11/2025,,False
1465,,-95,คาเฟ่,บัวหลวง (ต่อ),THB,29/11/2025,,False
1466,,-120,ข้าวเย็น,บัวหลวง (ต่อ),THB,29/11/2025,,False
1467,,-300,กีฬา,บัวหลวง (ต่อ),THB,29/11/2025,,False
1468,,-264,ของทำกับข้าว,บัวหลวง (ต่อ),THB,29/11/2025,,False
1469,,-841.18,ค่าอินเตอร์เน็ต,เครดิตUOB(บัตรหลัก),THB,29/11/2025,,False
1470,,-500,น้ำมันรถ,เครดิตUOB(บัตรหลัก),THB,29/11/2025,,False
1471,,-884.18,ของทำกับข้าว,เครดิตUOB(บัตรหลัก),THB,29/11/2025,,False
1472,,-37,ข้าวเช้า,บัวหลวง (ต่อ),THB,28/11/2025,,False
1473,,-717,ปาตี้,บัวหลวง (ต่อ),THB,28/11/2025,งานเลี้ยงพี่แอร์,False
1474,,-54,ขนม,บัวหลวง (ต่อ),THB,28/11/2025,,False
1475,,-20,ซื้อของ7,True (ต่อ),THB,28/11/2025,,False
1476,ส่งไปยัง เครดิตUOB,-17689.56,จ่ายบัตรเครดิต,บัวหลวง (ต่อ),THB,27/11/2025,,True
1477,,-1153.94,ค่าไฟฟ้า,บัวหลวง (ต่อ),THB,27/11/2025,,False
1478,,-70,กีฬา,บัวหลวง (ต่อ),THB,27/11/2025,,False
1479,,-60,ขนม,บัวหลวง (ต่อ),THB,27/11/2025,,False
1480,ได้รับจาก เงินเดือน (บัวหลวง),17689.56,รับค่าชำระบัตรเครดิต,เครดิตUOB(บัตรหลัก),THB,27/11/2025,,True
1481,งานศพ,-100,เพื่อน & คนรัก,บัวหลวง (ต่อ),THB,26/11/2025,,False
1482,,-1000,ปาตี้,บัวหลวง (ต่อ),THB,26/11/2025,งานเลี้ยงพี่แอร์,False
1483,,-70,กีฬา,บัวหลวง (ต่อ),THB,26/11/2025,,False
1484,,-40,ขนม,บัวหลวง (ต่อ),THB,26/11/2025,,False
1485,,-79,ขนม,บัวหลวง (ต่อ),THB,26/11/2025,,False
1486,,-29,ซื้อของ7,True (ต่อ),THB,26/11/2025,,False
1487,ตั๋วคอน B-day,-4300,บันเทิง,เครดิตUOB(บัตรหลัก),THB,26/11/2025,,False
1488,,-60,กีฬา,บัวหลวง (ต่อ),THB,25/11/2025,,False
1489,,-40,ขนม,บัวหลวง (ต่อ),THB,25/11/2025,,False
1490,,-317.73,ของทำกับข้าว,เครดิตUOB(บัตรหลัก),THB,25/11/2025,,False
1491,,-75,ข้าวกลางวัน,บัวหลวง (ต่อ),THB,24/11/2025,,False
1492,,-60,กีฬา,บัวหลวง (ต่อ),THB,24/11/2025,,False
1493,,-40,ขนม,บัวหลวง (ต่อ),THB,24/11/2025,,False
1494,,-500,น้ำมันรถ,เครดิตUOB(บัตรหลัก),THB,24/11/2025,,False
1495,,-188,ของทำกับข้าว,เครดิตUOB(บัตรหลัก),THB,24/11/2025,,False
1496,,-62,ข้าวกลางวัน,บัวหลวง (ต่อ),THB,23/11/2025,,False
1497,,-619.46,ของทำกับข้าว,เครดิตUOB(บัตรหลัก),THB,23/11/2025,,False
1498,ของฝาก,-129,เพื่อน & คนรัก,บัวหลวง (ต่อ),THB,22/11/2025,,False
1499,,-269,ข้าวกลางวัน,บัวหลวง (ต่อ),THB,22/11/2025,,False
1500,,-479,ข้าวเย็น,บัวหลวง (ต่อ),THB,22/11/2025,,False
1501,,-410,กีฬา,บัวหลวง (ต่อ),THB,22/11/2025,,False
1502,,-199,ของใช้ส่วนตัว,บัวหลวง (ต่อ),THB,22/11/2025,,False
1503,,-129,ล้างรถ,บัวหลวง (ต่อ),THB,22/11/2025,,False
1504,,-150,ตัดผม,บัวหลวง (ต่อ),THB,22/11/2025,,False
1505,,5000,โอนเงินเข้า,บัวหลวง (ต่อ),THB,21/11/2025,,False
1506,,-135,คาเฟ่,บัวหลวง (ต่อ),THB,21/11/2025,,False
1507,,-70,กีฬา,บัวหลวง (ต่อ),THB,21/11/2025,,False
1508,,-76,ขนม,บัวหลวง (ต่อ),THB,21/11/2025,,False
1509,,-500,น้ำมันรถ,เครดิตUOB(บัตรหลัก),THB,21/11/2025,,False
1510,,-536,ของใช้ส่วนตัว,เครดิตUOB(บัตรหลัก),THB,21/11/2025,,False
1511,,-37,ข้าวเช้า,บัวหลวง (ต่อ),THB,20/11/2025,,False
1512,,-52,ขนม,บัวหลวง (ต่อ),THB,20/11/2025,,False
1513,,-37,ข้าวเช้า,บัวหลวง (ต่อ),THB,19/11/2025,,False
1514,,-65,ข้าวกลางวัน,บัวหลวง (ต่อ),THB,19/11/2025,,False
1515,,-500,ปาตี้,บัวหลวง (ต่อ),THB,19/11/2025,เลี้ยงส่งนากามูระ,False
1516,,-60,กีฬา,บัวหลวง (ต่อ),THB,19/11/2025,,False
1517,,-60,กีฬา,บัวหลวง (ต่อ),THB,19/11/2025,,False
1518,,-55,ขนม,บัวหลวง (ต่อ),THB,19/11/2025,,False
1519,,-150,ของทำกับข้าว,บัวหลวง (ต่อ),THB,19/11/2025,,False
1520,,-270,ของทำกับข้าว,บัวหลวง (ต่อ),THB,19/11/2025,,False
1521,ค่าline,-169,ค่าใช้จ่ายอื่นๆ,เครดิตUOB(บัตรหลัก),THB,19/11/2025,,False
1522,,-37,ข้าวเช้า,บัวหลวง (ต่อ),THB,18/11/2025,,False
1523,,-30,ขนม,บัวหลวง (ต่อ),THB,18/11/2025,,False
1524,,-400,ค่าโทรศัพท์,บัวหลวง (ต่อ),THB,17/11/2025,,False
1525,,-32,ข้าวเช้า,บัวหลวง (ต่อ),THB,17/11/2025,,False
1526,,-37,ขนม,บัวหลวง (ต่อ),THB,17/11/2025,,False
1527,,-31,ขนม,บัวหลวง (ต่อ),THB,17/11/2025,,False
1528,,-50,ค่าโทรศัพท์,True (ต่อ),THB,17/11/2025,,False
1529,,-135,คาเฟ่,บัวหลวง (ต่อ),THB,16/11/2025,,False
1530,,-150,กีฬา,True (ต่อ),THB,16/11/2025,,False
1531,,-138,ข้าวเย็น,True (ต่อ),THB,16/11/2025,,False
1532,,-500,น้ำมันรถ,เครดิตUOB(บัตรหลัก),THB,16/11/2025,,False
1533,,-500,น้ำมันรถ,เครดิตUOB(บัตรหลัก),THB,16/11/2025,,False
1534,,-637.19,ของทำกับข้าว,เครดิตUOB(บัตรหลัก),THB,16/11/2025,,False
1535,,-57,ข้าวเช้า,บัวหลวง (ต่อ),THB,15/11/2025,,False
1536,,-35,ข้าวกลางวัน,บัวหลวง (ต่อ),THB,15/11/2025,,False
1537,,-40,ขนม,บัวหลวง (ต่อ),THB,15/11/2025,,False
1538,ได้รับจาก กสิกร,1000,โอนเงินเข้า,True (ต่อ),THB,15/11/2025,,True
1539,,-610,ข้าวเย็น,True (ต่อ),THB,15/11/2025,,False
1540,ส่งไปยัง True,-1000,โอนเงินออก,กสิกร (ต่อ),THB,15/11/2025,,True
1541,,-37,ข้าวเช้า,บัวหลวง (ต่อ),THB,14/11/2025,,False
1542,,-60,กีฬา,บัวหลวง (ต่อ),THB,14/11/2025,,False
1543,,-15,ขนม,บัวหลวง (ต่อ),THB,14/11/2025,,False
1544,,-40,ขนม,บัวหลวง (ต่อ),THB,14/11/2025,,False
1545,ตัดหญ้าบ้านลำพูน,-1000,ค่าใช้จ่ายอื่นๆ,บัวหลวง (ต่อ),THB,13/11/2025,,False
1546,,-37,ข้าวเช้า,บัวหลวง (ต่อ),THB,13/11/2025,,False
1547,,-70,กีฬา,บัวหลวง (ต่อ),THB,13/11/2025,,False
1548,,-40,ขนม,บัวหลวง (ต่อ),THB,13/11/2025,,False
1549,,-309.78,ของทำกับข้าว,เครดิตUOB(บัตรหลัก),THB,13/11/2025,,False
1550,,-119.41,ค่าน้ำประปา,บัวหลวง (ต่อ),THB,12/11/2025,,False
1551,,-37,ข้าวเช้า,บัวหลวง (ต่อ),THB,12/11/2025,,False
1552,,-60,กีฬา,บัวหลวง (ต่อ),THB,12/11/2025,,False
1553,,-40,ขนม,บัวหลวง (ต่อ),THB,12/11/2025,,False
1554,,-10,อาหาร & เครื่องดื่ม,บัวหลวง (ต่อ),THB,11/11/2025,,False
1555,,-137,อาหาร & เครื่องดื่ม,บัวหลวง (ต่อ),THB,11/11/2025,,False
1556,,-235,ข้าวเย็น,บัวหลวง (ต่อ),THB,11/11/2025,,False
1557,,-150,กีฬา,บัวหลวง (ต่อ),THB,11/11/2025,,False
1558,,-40,ขนม,บัวหลวง (ต่อ),THB,11/11/2025,,False
1559,,-37,ข้าวเช้า,บัวหลวง (ต่อ),THB,10/11/2025,,False
1560,,-60,กีฬา,บัวหลวง (ต่อ),THB,10/11/2025,,False
1561,,-40,ขนม,บัวหลวง (ต่อ),THB,10/11/2025,,False
1562,,-500,น้ำมันรถ,เครดิตUOB(บัตรหลัก),THB,10/11/2025,,False
1563,,-419,Netflix,เครดิตUOB(บัตรหลัก),THB,10/11/2025,,False
1564,,-125,คาเฟ่,บัวหลวง (ต่อ),THB,09/11/2025,,False
1565,,-60,กีฬา,บัวหลวง (ต่อ),THB,09/11/2025,,False
1566,,-100,ข้าวgrab,บัวหลวง (ต่อ),THB,09/11/2025,,False
1567,,-639.57,ของทำกับข้าว,บัวหลวง (ต่อ),THB,09/11/2025,,False
1568,ส่งไปยัง กสิกร,-1000,โอนเงินออก,บัวหลวง (ต่อ),THB,08/11/2025,,True
1569,,-95,คาเฟ่,บัวหลวง (ต่อ),THB,08/11/2025,,False
1570,ได้รับจาก เงินเดือน (บัวหลวง),1000,โอนเงินเข้า,กสิกร (ต่อ),THB,08/11/2025,,True
1571,,-179,ค่าYoutube,เครดิตUOB(บัตรหลัก),THB,08/11/2025,,False
1572,ใส่ซองงานแต่ง,-1000,เพื่อน & คนรัก,บัวหลวง (ต่อ),THB,07/11/2025,,False
1573,,-60,กีฬา,บัวหลวง (ต่อ),THB,07/11/2025,,False
1574,,-43,ขนม,บัวหลวง (ต่อ),THB,07/11/2025,,False
1575,,-293.5,ของทำกับข้าว,เครดิตUOB(บัตรหลัก),THB,07/11/2025,,False
1576,,-37,ข้าวเช้า,บัวหลวง (ต่อ),THB,06/11/2025,,False
1577,,-240,ปาตี้,บัวหลวง (ต่อ),THB,06/11/2025,งานเลี้ยงมอส,False
1578,,-52,ขนม,บัวหลวง (ต่อ),THB,06/11/2025,,False
1579,,-2869.26,shoppe,บัวหลวง (ต่อ),THB,06/11/2025,,False
1580,,-377,ของใช้ส่วนตัว,เครดิตUOB(บัตรหลัก),THB,06/11/2025,,False
1581,,-750,ค่าAI,เครดิตUOB(บัตรหลัก),THB,06/11/2025,,False
1582,,-3574,อาหารเสริม,เครดิตUOB(บัตรหลัก),THB,06/11/2025,,False
1583,,-179,ของหวาน,บัวหลวง (ต่อ),THB,06/11/2025,,False
1584,ส่งไปยัง เงินลงทุน,-20000,การลงทุน,บัวหลวง (ต่อ),THB,05/11/2025,,True
1585,,52349.35,เงินเดือน,บัวหลวง (ต่อ),THB,05/11/2025,,False
1586,บ้านพี่ก้อย,-400,ค่าส่วนกลางหมู่บ้าน,บัวหลวง (ต่อ),THB,05/11/2025,,False
1587,บ้านลำพูน,-600,ค่าส่วนกลางหมู่บ้าน,บัวหลวง (ต่อ),THB,05/11/2025,,False
1588,,-4359,จ่ายบัตรเครดิต,บัวหลวง (ต่อ),THB,05/11/2025,,False
1589,,-37,ข้าวเช้า,บัวหลวง (ต่อ),THB,05/11/2025,,False
1590,จ่ายก่อนรอบแรก,-300,ปาตี้,บัวหลวง (ต่อ),THB,05/11/2025,งานเลี้ยงมอส,False
1591,,-60,กีฬา,บัวหลวง (ต่อ),THB,05/11/2025,,False
1592,,-35,ขนม,บัวหลวง (ต่อ),THB,05/11/2025,,False
1593,,-67,ขนม,บัวหลวง (ต่อ),THB,05/11/2025,,False
1594,ได้รับจาก เงินเดือน (บัวหลวง),20000,โอนเงินเข้า,เงินลงทุน(หุ้น),THB,05/11/2025,,True
1595,,-500,น้ำมันรถ,เครดิตUOB(บัตรหลัก),THB,05/11/2025,,False
1596,,-264.86,ของทำกับข้าว,เครดิตUOB(บัตรหลัก),THB,05/11/2025,,False
1597,,-37,คาเฟ่,บัวหลวง (ต่อ),THB,04/11/2025,,False
1598,,-60,กีฬา,บัวหลวง (ต่อ),THB,04/11/2025,,False
1599,,-38,ขนม,บัวหลวง (ต่อ),THB,04/11/2025,,False
1600,,-50,ขนม,บัวหลวง (ต่อ),THB,04/11/2025,,False
1601,,-37,ข้าวเช้า,บัวหลวง (ต่อ),THB,03/11/2025,,False
1602,,-60,กีฬา,บัวหลวง (ต่อ),THB,03/11/2025,,False
1603,,-45,ขนม,บัวหลวง (ต่อ),THB,03/11/2025,,False
1604,,-50,ขนม,บัวหลวง (ต่อ),THB,03/11/2025,,False
1605,,-399,ของทำกับข้าว,เครดิตUOB(บัตรหลัก),THB,03/11/2025,,False
1606,,-179,อาหาร & เครื่องดื่ม,บัวหลวง (ต่อ),THB,02/11/2025,,False
1607,ของฝาก,-209,เพื่อน & คนรัก,บัวหลวง (ต่อ),THB,02/11/2025,,False
1608,,-45,คาเฟ่,บัวหลวง (ต่อ),THB,02/11/2025,,False
1609,,-101,ข้าวเช้า,บัวหลวง (ต่อ),THB,02/11/2025,,False
1610,,1143,รายได้อื่นๆ,บัวหลวง (ต่อ),THB,01/11/2025,,False
1611,,-84,ข้าวเช้า,บัวหลวง (ต่อ),THB,01/11/2025,,False
1612,,-60,กีฬา,บัวหลวง (ต่อ),THB,01/11/2025,,False
1613,,-20,ขนม,บัวหลวง (ต่อ),THB,01/11/2025,,False
1614,,-40,ขนม,บัวหลวง (ต่อ),THB,01/11/2025,,False
1615,ยังไม่รู้ค่าอะไร,-1084.76,ค่าใช้จ่ายอื่นๆ,เครดิตUOB(บัตรหลัก),THB,01/11/2025,,False
1616,,-598.59,ของทำกับข้าว,เครดิตUOB(บัตรหลัก),THB,01/11/2025,,False
1617,,-37,ข้าวเช้า,บัวหลวง (ต่อ),THB,31/10/2025,,False
1618,,-58,ขนม,บัวหลวง (ต่อ),THB,31/10/2025,,False
1619,,-500,น้ำมันรถ,เครดิตUOB(บัตรหลัก),THB,31/10/2025,,False
1620,ได้รับจาก กสิกร,5000,โอนเงินเข้า,บัวหลวง (ต่อ),THB,30/10/2025,,True
1621,,-1382,เสื้อผ้า,บัวหลวง (ต่อ),THB,30/10/2025,,False
1622,,-1600,สปา,บัวหลวง (ต่อ),THB,30/10/2025,,False
1623,ส่งไปยัง เงินเดือน (บัวหลวง),-5000,โอนเงินออก,กสิกร (ต่อ),THB,30/10/2025,,True
1624,,-46,ค่าใช้จ่ายอื่นๆ,บัวหลวง (ต่อ),THB,29/10/2025,,False
1625,,-37,ข้าวเช้า,บัวหลวง (ต่อ),THB,29/10/2025,,False
1626,,-40,ขนม,บัวหลวง (ต่อ),THB,29/10/2025,,False
1627,,-20,ขนม,บัวหลวง (ต่อ),THB,29/10/2025,,False
1628,,-563.92,ช้อปปิ้ง,บัวหลวง (ต่อ),THB,28/10/2025,,False
1629,ส่งไปยัง เครดิตUOB,-20366.99,จ่ายบัตรเครดิต,บัวหลวง (ต่อ),THB,28/10/2025,,True
1630,,-37,ข้าวเช้า,บัวหลวง (ต่อ),THB,28/10/2025,,False
1631,,-60,กีฬา,บัวหลวง (ต่อ),THB,28/10/2025,,False
1632,,-37,ขนม,บัวหลวง (ต่อ),THB,28/10/2025,,False
1633,,-55,ขนม,บัวหลวง (ต่อ),THB,28/10/2025,,False
1634,,-24072.44,โอนเงินออก,เงินลงทุน(หุ้น),THB,28/10/2025,,False
1635,,-1839.99,ค่าอินเตอร์เน็ต,เครดิตUOB(บัตรหลัก),THB,28/10/2025,,False
1636,,-313,ของทำกับข้าว,เครดิตUOB(บัตรหลัก),THB,28/10/2025,,False
1637,ได้รับจาก เงินเดือน (บัวหลวง),20366.99,รับค่าชำระบัตรเครดิต,เครดิตUOB(บัตรหลัก),THB,28/10/2025,,True
1638,,-1561.59,ค่าไฟฟ้า,บัวหลวง (ต่อ),THB,27/10/2025,,False
1639,,-37,ข้าวเช้า,บัวหลวง (ต่อ),THB,27/10/2025,,False
1640,,-60,กีฬา,บัวหลวง (ต่อ),THB,27/10/2025,,False
1641,,-14,ขนม,บัวหลวง (ต่อ),THB,27/10/2025,,False
1642,,-14,ขนม,บัวหลวง (ต่อ),THB,27/10/2025,,False
1643,,-55,ขนม,บัวหลวง (ต่อ),THB,27/10/2025,,False
1644,ส่งไปยัง เครดิตAeon,-869,จ่ายบัตรเครดิต,บัวหลวง (ต่อ),THB,26/10/2025,,True
1645,,-227,ข้าวเย็น,บัวหลวง (ต่อ),THB,26/10/2025,,False
1646,,-1300,สปา,บัวหลวง (ต่อ),THB,26/10/2025,,False
1647,,5000,โอนเงินเข้า,กสิกร (ต่อ),THB,26/10/2025,,False
1648,,-1000,น้ำมันรถ,เครดิตUOB(บัตรหลัก),THB,26/10/2025,,False
1649,ได้รับจาก เงินเดือน (บัวหลวง),869,รับค่าชำระบัตรเครดิต,เครดิตAeon,THB,26/10/2025,,True
1650,,-130,ค่าใช้จ่ายอื่นๆ,บัวหลวง (ต่อ),THB,25/10/2025,,False
1651,,-37,ข้าวเช้า,บัวหลวง (ต่อ),THB,25/10/2025,,False
1652,,-60,กีฬา,บัวหลวง (ต่อ),THB,25/10/2025,,False
1653,,-62,ขนม,บัวหลวง (ต่อ),THB,25/10/2025,,False
1654,,-50,ขนม,บัวหลวง (ต่อ),THB,25/10/2025,,False
1655,,-637.43,ของทำกับข้าว,เครดิตUOB(บัตรหลัก),THB,25/10/2025,,False
1656,,-23,คาเฟ่,บัวหลวง (ต่อ),THB,24/10/2025,,False
1657,,-30,ขนม,บัวหลวง (ต่อ),THB,24/10/2025,,False
1658,,-17,คาเฟ่,บัวหลวง (ต่อ),THB,23/10/2025,,False
1659,,-37,ข้าวเช้า,บัวหลวง (ต่อ),THB,23/10/2025,,False
1660,,-33,ขนม,บัวหลวง (ต่อ),THB,23/10/2025,,False
1661,,-65,ขนม,บัวหลวง (ต่อ),THB,23/10/2025,,False
1662,,-702.36,ของทำกับข้าว,เครดิตUOB(บัตรหลัก),THB,23/10/2025,,False
1663,,-294,ค่าใช้จ่ายอื่นๆ,บัวหลวง (ต่อ),THB,22/10/2025,,False
1664,,7000,โอนเงินเข้า,บัวหลวง (ต่อ),THB,22/10/2025,,False
1665,,-37,ข้าวเช้า,บัวหลวง (ต่อ),THB,22/10/2025,,False
1666,,-30,ขนม,บัวหลวง (ต่อ),THB,22/10/2025,,False
1667,,-39,ขนม,บัวหลวง (ต่อ),THB,22/10/2025,,False
1668,,-406,ของทำกับข้าว,เครดิตUOB(บัตรหลัก),THB,22/10/2025,,False
1669,,-17,คาเฟ่,บัวหลวง (ต่อ),THB,21/10/2025,,False
1670,,-21,ข้าวเช้า,บัวหลวง (ต่อ),THB,21/10/2025,,False
1671,,-540,ข้าวเย็น,บัวหลวง (ต่อ),THB,21/10/2025,,False
1672,,-39,ขนม,บัวหลวง (ต่อ),THB,21/10/2025,,False
1673,,-37,ข้าวเช้า,บัวหลวง (ต่อ),THB,20/10/2025,,False
1674,,-60,กีฬา,บัวหลวง (ต่อ),THB,20/10/2025,,False
1675,,-65,ขนม,บัวหลวง (ต่อ),THB,20/10/2025,,False
1676,,-40,ขนม,บัวหลวง (ต่อ),THB,20/10/2025,,False
1677,,-169,อุปกรณ์อิเล็กทรอนิกส์,True (ต่อ),THB,20/10/2025,,False
1678,,-180,ของเล่น,บัวหลวง (ต่อ),THB,19/10/2025,,False
1679,,-120,คาเฟ่,บัวหลวง (ต่อ),THB,19/10/2025,,False
1680,,-414,ช้อปปิ้ง,เครดิตUOB(บัตรหลัก),THB,19/10/2025,,False
1681,,-45,คาเฟ่,บัวหลวง (ต่อ),THB,18/10/2025,,False
1682,,-60,ข้าวเช้า,บัวหลวง (ต่อ),THB,18/10/2025,,False
1683,,-17,คาเฟ่,บัวหลวง (ต่อ),THB,17/10/2025,,False
1684,,-37,ข้าวเช้า,บัวหลวง (ต่อ),THB,17/10/2025,,False
1685,,-60,กีฬา,บัวหลวง (ต่อ),THB,17/10/2025,,False
1686,,-79,ขนม,บัวหลวง (ต่อ),THB,17/10/2025,,False
1687,,-500,น้ำมันรถ,เครดิตUOB(บัตรหลัก),THB,17/10/2025,,False
1688,,-37,ข้าวเช้า,บัวหลวง (ต่อ),THB,16/10/2025,,False
1689,,-60,กีฬา,บัวหลวง (ต่อ),THB,16/10/2025,,False
1690,,-60,กีฬา,บัวหลวง (ต่อ),THB,16/10/2025,,False
1691,,-32,ขนม,บัวหลวง (ต่อ),THB,16/10/2025,,False
1692,,-50,ขนม,บัวหลวง (ต่อ),THB,16/10/2025,,False
1693,,-999,สุขภาพ & ฟิตเนส,บัวหลวง (ต่อ),THB,15/10/2025,,False
1694,,-17,คาเฟ่,บัวหลวง (ต่อ),THB,15/10/2025,,False
1695,,-37,ข้าวเช้า,บัวหลวง (ต่อ),THB,15/10/2025,,False
1696,,-77,ขนม,บัวหลวง (ต่อ),THB,15/10/2025,,False
1697,,-229.11,ของทำกับข้าว,เครดิตUOB(บัตรหลัก),THB,15/10/2025,,False
1698,,-37,ข้าวเช้า,บัวหลวง (ต่อ),THB,14/10/2025,,False
1699,,-60,กีฬา,บัวหลวง (ต่อ),THB,14/10/2025,,False
1700,,-90,ขนม,บัวหลวง (ต่อ),THB,14/10/2025,,False
1701,,-408,ช้อปปิ้ง,เครดิตUOB(บัตรหลัก),THB,14/10/2025,,False
1702,,-500,ค่าใช้จ่ายอื่นๆ,บัวหลวง (ต่อ),THB,13/10/2025,,False
1703,ได้รับจาก กสิกร,10000,โอนเงินเข้า,บัวหลวง (ต่อ),THB,13/10/2025,,True
1704,,-1999,เกมส์,บัวหลวง (ต่อ),THB,13/10/2025,,False
1705,,-130,คาเฟ่,บัวหลวง (ต่อ),THB,13/10/2025,,False
1706,,-257,shoppe,บัวหลวง (ต่อ),THB,13/10/2025,,False
1707,ส่งไปยัง เงินเดือน (บัวหลวง),-10000,โอนเงินออก,กสิกร (ต่อ),THB,13/10/2025,,True
1708,,-377.99,ช้อปปิ้ง,บัวหลวง (ต่อ),THB,12/10/2025,,False
1709,,-169,ข้าวกลางวัน,บัวหลวง (ต่อ),THB,12/10/2025,,False
1710,,-78,กีฬา,บัวหลวง (ต่อ),THB,12/10/2025,,False
1711,,-560,ช้อปปิ้ง,เครดิตUOB(บัตรหลัก),THB,12/10/2025,,False
1712,ซื้อแอร์เข้าบ้านพี่ก้อย,-14900,อุปกรณ์อิเล็กทรอนิกส์,เครดิตUOB(บัตรหลัก),THB,12/10/2025,,False
1713,,-1197.02,ของทำกับข้าว,เครดิตUOB(บัตรหลัก),THB,12/10/2025,,False
1714,,-97.58,ค่าน้ำประปา,บัวหลวง (ต่อ),THB,11/10/2025,,False
1715,,-132,ข้าวเช้า,บัวหลวง (ต่อ),THB,11/10/2025,,False
1716,,-60,ขนม,บัวหลวง (ต่อ),THB,11/10/2025,,False
1717,,-500,น้ำมันรถ,เครดิตUOB(บัตรหลัก),THB,11/10/2025,,False
1718,,-131.5,ข้าวเย็น,เครดิตUOB(บัตรหลัก),THB,11/10/2025,,False
1719,,-419,Netflix,เครดิตUOB(บัตรหลัก),THB,11/10/2025,,False
1720,,100,โอนเงินเข้า,บัวหลวง (ต่อ),THB,10/10/2025,,False
1721,,-50,ค่าโทรศัพท์,บัวหลวง (ต่อ),THB,10/10/2025,,False
1722,,-77,ข้าวกลางวัน,บัวหลวง (ต่อ),THB,10/10/2025,,False
1723,,-70,ข้าวเย็น,บัวหลวง (ต่อ),THB,10/10/2025,,False
1724,,-60,กีฬา,บัวหลวง (ต่อ),THB,10/10/2025,,False
1725,,-100,ขนม,บัวหลวง (ต่อ),THB,10/10/2025,,False
1726,,-74,ข้าวเช้า,บัวหลวง (ต่อ),THB,09/10/2025,,False
1727,,-180,ข้าวกลางวัน,บัวหลวง (ต่อ),THB,09/10/2025,,False
1728,,-438,ข้าวเย็น,บัวหลวง (ต่อ),THB,09/10/2025,,False
1729,,-37,ข้าวเช้า,บัวหลวง (ต่อ),THB,08/10/2025,,False
1730,,-70,ข้าวกลางวัน,บัวหลวง (ต่อ),THB,08/10/2025,,False
1731,,-257,ข้าวเย็น,บัวหลวง (ต่อ),THB,08/10/2025,,False
1732,,-60,กีฬา,บัวหลวง (ต่อ),THB,08/10/2025,,False
1733,,-179,ค่าYoutube,True (ต่อ),THB,08/10/2025,,False
1734,,-500,น้ำมันรถ,บัวหลวง (ต่อ),THB,07/10/2025,,False
1735,,-129,ข้าวกลางวัน,บัวหลวง (ต่อ),THB,07/10/2025,,False
1736,,-35,ข้าวเย็น,บัวหลวง (ต่อ),THB,07/10/2025,,False
1737,,-60,กีฬา,บัวหลวง (ต่อ),THB,07/10/2025,,False
1738,,-750,ค่าAI,True (ต่อ),THB,07/10/2025,,False
1739,,-37,ข้าวเช้า,บัวหลวง (ต่อ),THB,06/10/2025,,False
1740,,-147,ข้าวกลางวัน,บัวหลวง (ต่อ),THB,06/10/2025,,False
1741,,-297,ข้าวเย็น,บัวหลวง (ต่อ),THB,06/10/2025,,False
1742,,-301,shoppe,บัวหลวง (ต่อ),THB,06/10/2025,,False
1743,,46841.67,เงินเดือน,บัวหลวง (ต่อ),THB,05/10/2025,,False
1744,ส่งไปยัง กสิกร,-10000,โอนเงินออก,บัวหลวง (ต่อ),THB,05/10/2025,,True
1745,ส่งไปยัง True,-1054.14,โอนเงินออก,บัวหลวง (ต่อ),THB,05/10/2025,,True
1746,ได้รับจาก กสิกร,4402,โอนเงินเข้า,บัวหลวง (ต่อ),THB,05/10/2025,,True
1747,,-1000,ค่าส่วนกลางหมู่บ้าน,บัวหลวง (ต่อ),THB,05/10/2025,,False
1748,,-9334,จ่ายบัตรเครดิต,บัวหลวง (ต่อ),THB,05/10/2025,,False
1749,,-378,อุปกรณ์อิเล็กทรอนิกส์,บัวหลวง (ต่อ),THB,05/10/2025,,False
1750,,-304,ข้าวกลางวัน,บัวหลวง (ต่อ),THB,05/10/2025,,False
1751,,-162,ข้าวเย็น,บัวหลวง (ต่อ),THB,05/10/2025,,False
1752,,-2100,สปา,บัวหลวง (ต่อ),THB,05/10/2025,,False
1753,,-2232.64,shoppe,บัวหลวง (ต่อ),THB,05/10/2025,,False
1754,ได้รับจาก เงินเดือน (บัวหลวง),1054.14,โอนเงินเข้า,True (ต่อ),THB,05/10/2025,,True
1755,ส่งไปยัง เงินเดือน (บัวหลวง),-4402,โอนเงินออก,กสิกร (ต่อ),THB,05/10/2025,,True
1756,ได้รับจาก เงินเดือน (บัวหลวง),10000,โอนเงินเข้า,กสิกร (ต่อ),THB,05/10/2025,,True
1757,,-89,ข้าวเย็น,บัวหลวง (ต่อ),THB,04/10/2025,,False
1758,,-598,ข้าวกลางวัน,กสิกร (ต่อ),THB,04/10/2025,,False
1759,,-400,ค่าใช้จ่ายอื่นๆ,บัวหลวง (ต่อ),THB,03/10/2025,,False
1760,,-139,ข้าวเย็น,บัวหลวง (ต่อ),THB,03/10/2025,,False
1761,,-47,ข้าวเช้า,บัวหลวง (ต่อ),THB,02/10/2025,,False
1762,,-999,สุขภาพ & ฟิตเนส,บัวหลวง (ต่อ),THB,01/10/2025,,False
1763,,-500,น้ำมันรถ,บัวหลวง (ต่อ),THB,01/10/2025,,False
1764,,-37,ข้าวเช้า,บัวหลวง (ต่อ),THB,01/10/2025,,False
1765,,-119,ข้าวกลางวัน,บัวหลวง (ต่อ),THB,01/10/2025,,False
1766,,-65,ข้าวเย็น,บัวหลวง (ต่อ),THB,01/10/2025,,False
1767,,-70,กีฬา,บัวหลวง (ต่อ),THB,01/10/2025,,False
1768,,-37,ข้าวเช้า,บัวหลวง (ต่อ),THB,30/09/2025,,False
1769,,-117,ข้าวกลางวัน,บัวหลวง (ต่อ),THB,30/09/2025,,False
1770,,-118,ข้าวเย็น,บัวหลวง (ต่อ),THB,30/09/2025,,False
1771,,-60,กีฬา,บัวหลวง (ต่อ),THB,30/09/2025,,False
1772,,-287,shoppe,บัวหลวง (ต่อ),THB,30/09/2025,,False
1773,,-390,ช้อปปิ้ง,บัวหลวง (ต่อ),THB,29/09/2025,,False
1774,ส่งไปยัง กสิกร,-5000,โอนเงินออก,บัวหลวง (ต่อ),THB,29/09/2025,,True
1775,,-37,ข้าวเช้า,บัวหลวง (ต่อ),THB,29/09/2025,,False
1776,,-87,ข้าวกลางวัน,บัวหลวง (ต่อ),THB,29/09/2025,,False
1777,,-500,ข้าวเย็น,บัวหลวง (ต่อ),THB,29/09/2025,,False
1778,ได้รับจาก เงินเดือน (บัวหลวง),5000,โอนเงินเข้า,กสิกร (ต่อ),THB,29/09/2025,,True
1779,,-230,ข้าวกลางวัน,บัวหลวง (ต่อ),THB,28/09/2025,,False
1780,,-134,ข้าวเย็น,บัวหลวง (ต่อ),THB,28/09/2025,,False
1781,,-70,กีฬา,บัวหลวง (ต่อ),THB,28/09/2025,,False
1782,,-600,สปา,บัวหลวง (ต่อ),THB,28/09/2025,,False
1783,,-184,ข้าวเย็น,True (ต่อ),THB,28/09/2025,,False
1784,,-138,ช้อบBig C,บัวหลวง (ต่อ),THB,28/09/2025,,False
1785,ส่งไปยัง True,-200,โอนเงินออก,บัวหลวง (ต่อ),THB,27/09/2025,,True
1786,ส่งไปยัง True,-100,โอนเงินออก,บัวหลวง (ต่อ),THB,27/09/2025,,True
1787,,-37,ข้าวเช้า,บัวหลวง (ต่อ),THB,27/09/2025,,False
1788,,-92,ข้าวกลางวัน,บัวหลวง (ต่อ),THB,27/09/2025,,False
1789,,-125,อุปกรณ์อิเล็กทรอนิกส์,True (ต่อ),THB,27/09/2025,,False
1790,ได้รับจาก เงินเดือน (บัวหลวง),200,โอนเงินเข้า,True (ต่อ),THB,27/09/2025,,True
1791,ได้รับจาก เงินเดือน (บัวหลวง),100,โอนเงินเข้า,True (ต่อ),THB,27/09/2025,,True
1792,ยอดเงินเริ่มต้น,810390.19,โอนเงินเข้า,เงินลงทุน(หุ้น),THB,27/09/2025,,False
1793,,-679,ช้อปปิ้ง,บัวหลวง (ต่อ),THB,26/09/2025,,False
1794,,-500,น้ำมันรถ,บัวหลวง (ต่อ),THB,26/09/2025,,False
1795,,-1200.8,ค่าไฟฟ้า,บัวหลวง (ต่อ),THB,26/09/2025,,False
1796,,-97,ข้าวกลางวัน,บัวหลวง (ต่อ),THB,26/09/2025,,False
1797,,-269,ข้าวเย็น,บัวหลวง (ต่อ),THB,26/09/2025,,False
1798,,-30,ขนม,บัวหลวง (ต่อ),THB,26/09/2025,,False
1799,,-156,ช้อปปิ้ง,True (ต่อ),THB,26/09/2025,,False
1800,,-127,ค่าใช้จ่ายอื่นๆ,บัวหลวง (ต่อ),THB,25/09/2025,,False
1801,,-20,ค่าใช้จ่ายอื่นๆ,บัวหลวง (ต่อ),THB,25/09/2025,,False
1802,,62,รายได้อื่นๆ,บัวหลวง (ต่อ),THB,25/09/2025,,False
1803,,-280,จ่ายบัตรเครดิต,บัวหลวง (ต่อ),THB,25/09/2025,,False
1804,,-65,ข้าวเย็น,บัวหลวง (ต่อ),THB,25/09/2025,,False
1805,,-70,สปา,บัวหลวง (ต่อ),THB,25/09/2025,,False
1806,,1215,เงินปันผล,บัวหลวง (ต่อ),THB,25/09/2025,,False
1807,,-344,ค่าใช้จ่ายอื่นๆ,บัวหลวง (ต่อ),THB,24/09/2025,,False
1808,,-62,ข้าวเช้า,บัวหลวง (ต่อ),THB,24/09/2025,,False
1809,,5000,ของขวัญ,บัวหลวง (ต่อ),THB,23/09/2025,,False
1810,ส่งไปยัง True,-1000,โอนเงินออก,บัวหลวง (ต่อ),THB,23/09/2025,,True
1811,,-132,ข้าวกลางวัน,บัวหลวง (ต่อ),THB,23/09/2025,,False
1812,,-60,กีฬา,บัวหลวง (ต่อ),THB,23/09/2025,,False
1813,,1530,เงินปันผล,บัวหลวง (ต่อ),THB,23/09/2025,,False
1814,,-848.14,ธุรกิจ,True (ต่อ),THB,23/09/2025,,False
1815,ได้รับจาก เงินเดือน (บัวหลวง),1000,โอนเงินเข้า,True (ต่อ),THB,23/09/2025,,True
1816,,20,ของขวัญ,บัวหลวง (ต่อ),THB,22/09/2025,,False
1817,,-100,โอนเงินออก,บัวหลวง (ต่อ),THB,22/09/2025,,False
1818,,-2600,สปา,บัวหลวง (ต่อ),THB,22/09/2025,,False
1819,,-20,ซื้อของ7,True (ต่อ),THB,22/09/2025,,False
1820,,-869,อาหาร & เครื่องดื่ม,เครดิตAeon,THB,22/09/2025,,False
1821,,-500,น้ำมันรถ,บัวหลวง (ต่อ),THB,21/09/2025,,False
1822,,-140,คาเฟ่,บัวหลวง (ต่อ),THB,21/09/2025,,False
1823,,-80,คาเฟ่,บัวหลวง (ต่อ),THB,21/09/2025,,False
1824,,-60,ข้าวเช้า,บัวหลวง (ต่อ),THB,21/09/2025,,False
1825,,-245,ข้าวกลางวัน,บัวหลวง (ต่อ),THB,21/09/2025,,False
1826,,-400,สปา,บัวหลวง (ต่อ),THB,21/09/2025,,False
1827,ส่งไปยัง True,-253.39,โอนเงินออก,บัวหลวง (ต่อ),THB,20/09/2025,,True
1828,,-455,ข้าวเย็น,บัวหลวง (ต่อ),THB,20/09/2025,,False
1829,,-1100,สปา,บัวหลวง (ต่อ),THB,20/09/2025,,False
1830,ได้รับจาก เงินเดือน (บัวหลวง),253.39,โอนเงินเข้า,True (ต่อ),THB,20/09/2025,,True
1831,,-20,ซื้อของ7,บัวหลวง (ต่อ),THB,20/09/2025,,False
1832,,-221,ซื้อของ7,True (ต่อ),THB,20/09/2025,,False
1833,ส่งไปยัง True,-584,โอนเงินออก,บัวหลวง (ต่อ),THB,19/09/2025,,True
1834,,-37,ข้าวเช้า,บัวหลวง (ต่อ),THB,19/09/2025,,False
1835,,-110,ข้าวกลางวัน,บัวหลวง (ต่อ),THB,19/09/2025,,False
1836,,-90,ข้าวเย็น,บัวหลวง (ต่อ),THB,19/09/2025,,False
1837,,-60,กีฬา,บัวหลวง (ต่อ),THB,19/09/2025,,False
1838,,1134,เงินปันผล,บัวหลวง (ต่อ),THB,19/09/2025,,False
1839,ลำปาง B2,-553.39,ท่องเที่ยว,True (ต่อ),THB,19/09/2025,,False
1840,ได้รับจาก เงินเดือน (บัวหลวง),584,โอนเงินเข้า,True (ต่อ),THB,19/09/2025,,True
1841,แก้ไขเงินคงเหลือ,-38237.56,ค่าใช้จ่ายอื่นๆ,บัวหลวง (ต่อ),THB,18/09/2025,,False
1842,,-158,ค่าใช้จ่ายอื่นๆ,บัวหลวง (ต่อ),THB,18/09/2025,,False
1843,,-37,ข้าวเช้า,บัวหลวง (ต่อ),THB,18/09/2025,,False
1844,,-122,ข้าวกลางวัน,บัวหลวง (ต่อ),THB,18/09/2025,,False
1845,,-229,ข้าวเย็น,บัวหลวง (ต่อ),THB,18/09/2025,,False
1846,,-60,กีฬา,บัวหลวง (ต่อ),THB,18/09/2025,,False
1847,,-125,ช้อปปิ้ง,True (ต่อ),THB,18/09/2025,,False
1848,แก้ไขเงินคงเหลือ,141,รายได้อื่นๆ,True (ต่อ),THB,18/09/2025,,False
1849,,-37,ข้าวเช้า,บัวหลวง (ต่อ),THB,17/09/2025,,False
1850,,-155,ข้าวกลางวัน,บัวหลวง (ต่อ),THB,17/09/2025,,False
1851,,-274,ข้าวเย็น,บัวหลวง (ต่อ),THB,17/09/2025,,False
1852,,-2597,ค่ายา,บัวหลวง (ต่อ),THB,17/09/2025,,False
1853,,-37,ข้าวเช้า,บัวหลวง (ต่อ),THB,16/09/2025,,False
1854,,-127,ข้าวกลางวัน,บัวหลวง (ต่อ),THB,16/09/2025,,False
1855,,-575,ข้าวเย็น,บัวหลวง (ต่อ),THB,16/09/2025,,False
1856,,-49,ข้าวเช้า,บัวหลวง (ต่อ),THB,15/09/2025,,False
1857,,-140,ข้าวกลางวัน,บัวหลวง (ต่อ),THB,15/09/2025,,False
1858,,-207,ข้าวเย็น,บัวหลวง (ต่อ),THB,15/09/2025,,False
1859,,-60,กีฬา,บัวหลวง (ต่อ),THB,15/09/2025,,False
1860,,-135,คาเฟ่,บัวหลวง (ต่อ),THB,14/09/2025,,False
1861,,-120,กีฬา,บัวหลวง (ต่อ),THB,14/09/2025,,False
1862,,-49,ข้าวเช้า,บัวหลวง (ต่อ),THB,13/09/2025,,False
1863,,-81,ข้าวกลางวัน,บัวหลวง (ต่อ),THB,13/09/2025,,False
1864,,-212,ข้าวเย็น,บัวหลวง (ต่อ),THB,13/09/2025,,False
1865,,-600,ค่าส่วนกลางหมู่บ้าน,บัวหลวง (ต่อ),THB,12/09/2025,,False
1866,,-642,ค่าอินเตอร์เน็ต,บัวหลวง (ต่อ),THB,12/09/2025,,False
1867,,-105,ข้าวกลางวัน,บัวหลวง (ต่อ),THB,12/09/2025,,False
1868,,-292,ข้าวเย็น,บัวหลวง (ต่อ),THB,12/09/2025,,False
1869,,-35,ขนม,บัวหลวง (ต่อ),THB,12/09/2025,,False
1870,,-25,ขนม,บัวหลวง (ต่อ),THB,12/09/2025,,False
1871,,1296,เงินปันผล,บัวหลวง (ต่อ),THB,12/09/2025,,False
1872,แก้ไขเงินคงเหลือ,-7222.89,ค่าใช้จ่ายอื่นๆ,บัวหลวง (ต่อ),THB,11/09/2025,,False
1873,แก้ไขเงินคงเหลือ,20069.88,รายได้อื่นๆ,บัวหลวง (ต่อ),THB,11/09/2025,,False
1874,,-49,ข้าวเช้า,บัวหลวง (ต่อ),THB,11/09/2025,,False
1875,,-422,เพื่อน & คนรัก,บัวหลวง (ต่อ),THB,24/07/2025,,False
1876,,-505,เพื่อน & คนรัก,บัวหลวง (ต่อ),THB,24/07/2025,,False
1877,,5000,โอนเงินเข้า,บัวหลวง (ต่อ),THB,24/07/2025,,False
1878,,-1127.85,ค่าไฟฟ้า,บัวหลวง (ต่อ),THB,24/07/2025,,False
1879,,-60,กีฬา,บัวหลวง (ต่อ),THB,23/07/2025,,False
1880,,3792.53,โอนเงินเข้า,บัวหลวง (ต่อ),THB,22/07/2025,,False
1881,,-60,กีฬา,บัวหลวง (ต่อ),THB,22/07/2025,,False
1882,,-60,กีฬา,บัวหลวง (ต่อ),THB,21/07/2025,,False
1883,,-418,ช้อปปิ้ง,บัวหลวง (ต่อ),THB,20/07/2025,,False
1884,,-900,บันเทิง,บัวหลวง (ต่อ),THB,20/07/2025,,False
1885,,-749,ค่าอินเตอร์เน็ต,บัวหลวง (ต่อ),THB,20/07/2025,,False
1886,,-80,กีฬา,บัวหลวง (ต่อ),THB,20/07/2025,,False
1887,Fitwhey,-2844,ค่ายา,บัวหลวง (ต่อ),THB,20/07/2025,,False
1888,,-60,กีฬา,บัวหลวง (ต่อ),THB,19/07/2025,,False
1889,,-6220,บันเทิง,บัวหลวง (ต่อ),THB,14/07/2025,,False
1890,,10000,โอนเงินเข้า,บัวหลวง (ต่อ),THB,14/07/2025,,False
1891,,-645,ช้อปปิ้ง,บัวหลวง (ต่อ),THB,13/07/2025,,False
1892,,-949.43,ช้อปปิ้ง,บัวหลวง (ต่อ),THB,12/07/2025,,False
1893,,-53,ช้อปปิ้ง,บัวหลวง (ต่อ),THB,12/07/2025,,False
1894,,-108.5,ค่าน้ำประปา,บัวหลวง (ต่อ),THB,09/07/2025,,False
1895,,-80,กีฬา,บัวหลวง (ต่อ),THB,09/07/2025,,False
1896,,-20000,การลงทุน,บัวหลวง (ต่อ),THB,07/07/2025,,False
1897,,-595,ค่ายา,บัวหลวง (ต่อ),THB,07/07/2025,,False
1898,,-1500,สปา,บัวหลวง (ต่อ),THB,07/07/2025,,False
1899,,-80,กีฬา,บัวหลวง (ต่อ),THB,06/07/2025,,False
1900,,-496,ช้อปปิ้ง,บัวหลวง (ต่อ),THB,05/07/2025,,False
1901,กยศ. แต,-12076.5,การศึกษา,บัวหลวง (ต่อ),THB,05/07/2025,,False
1902,,55475.2,เงินเดือน,บัวหลวง (ต่อ),THB,05/07/2025,,False
1903,,-600,ค่าส่วนกลางหมู่บ้าน,บัวหลวง (ต่อ),THB,05/07/2025,,False
1904,,-7206.25,จ่ายบัตรเครดิต,บัวหลวง (ต่อ),THB,05/07/2025,,False
1905,,-80,กีฬา,บัวหลวง (ต่อ),THB,05/07/2025,,False
1906,,-2232.64,shoppe,บัวหลวง (ต่อ),THB,05/07/2025,,False
1907,,-610.02,ปรับปรุงบ้าน,บัวหลวง (ต่อ),THB,02/07/2025,,False
1908,,-20,ค่าโทรศัพท์,บัวหลวง (ต่อ),THB,02/07/2025,,False
1909,,-80,กีฬา,บัวหลวง (ต่อ),THB,02/07/2025,,False
1910,ซื้อเครื่องดูดฝุ่น,-2194,ช้อปปิ้ง,บัวหลวง (ต่อ),THB,01/07/2025,,False
1911,,7452.12,โอนเงินเข้า,บัวหลวง (ต่อ),THB,01/07/2025,,False
1912,Fitwhey,-3450,ค่ายา,บัวหลวง (ต่อ),THB,01/07/2025,,False
1913,,-600,สปา,บัวหลวง (ต่อ),THB,01/07/2025,,False
1914,,24.47,เก็บดอกเบี้ย,บัวหลวง (ต่อ),THB,26/06/2025,,False
1915,,-13000,ค่าผ่อนบ้าน,บัวหลวง (ต่อ),THB,25/06/2025,,False
1916,,-270,ช้อปปิ้ง,บัวหลวง (ต่อ),THB,24/06/2025,,False
1917,,-1112,จ่ายบัตรเครดิต,บัวหลวง (ต่อ),THB,24/06/2025,,False
1918,,5000,โอนเงินเข้า,บัวหลวง (ต่อ),THB,23/06/2025,,False
1919,,-1052.2,ค่าไฟฟ้า,บัวหลวง (ต่อ),THB,23/06/2025,,False
1920,,-80,กีฬา,บัวหลวง (ต่อ),THB,22/06/2025,,False
1921,,-1800,สปา,บัวหลวง (ต่อ),THB,22/06/2025,,False
1922,,-749,ค่าอินเตอร์เน็ต,บัวหลวง (ต่อ),THB,20/06/2025,,False
1923,,-350,ค่าใช้จ่ายอื่นๆ,บัวหลวง (ต่อ),THB,18/06/2025,,False
1924,,-45000,การลงทุน,บัวหลวง (ต่อ),THB,16/06/2025,,False
1925,,-760,ของเล่น,บัวหลวง (ต่อ),THB,16/06/2025,,False
1926,,-541,ช้อปปิ้ง,บัวหลวง (ต่อ),THB,15/06/2025,,False
1927,,-80,กีฬา,บัวหลวง (ต่อ),THB,15/06/2025,,False
1928,,49694.64,โบนัส,บัวหลวง (ต่อ),THB,15/06/2025,,False
1929,,-20,ช้อปปิ้ง,บัวหลวง (ต่อ),THB,13/06/2025,,False
1930,,-190,ค่าใช้จ่ายอื่นๆ,บัวหลวง (ต่อ),THB,13/06/2025,,False
1931,พรบ.,-1878.74,การเดินทาง,บัวหลวง (ต่อ),THB,11/06/2025,,False
1932,,-70,กีฬา,บัวหลวง (ต่อ),THB,11/06/2025,,False
1933,Fitwhey,-2750,ค่ายา,บัวหลวง (ต่อ),THB,10/06/2025,,False
1934,,634.81,โอนเงินเข้า,บัวหลวง (ต่อ),THB,09/06/2025,,False
1935,,-638,ช้อปปิ้ง,บัวหลวง (ต่อ),THB,08/06/2025,,False
1936,,-98,ค่าใช้จ่ายอื่นๆ,บัวหลวง (ต่อ),THB,08/06/2025,,False
1937,,-60,กีฬา,บัวหลวง (ต่อ),THB,08/06/2025,,False
1938,,-500,ค่าใช้จ่ายอื่นๆ,บัวหลวง (ต่อ),THB,06/06/2025,,False
1939,,-86.67,ค่าน้ำประปา,บัวหลวง (ต่อ),THB,06/06/2025,,False
1940,,-110,ช้อปปิ้ง,บัวหลวง (ต่อ),THB,05/06/2025,,False
1941,,-15000,การลงทุน,บัวหลวง (ต่อ),THB,05/06/2025,,False
1942,,-48,ค่าใช้จ่ายอื่นๆ,บัวหลวง (ต่อ),THB,05/06/2025,,False
1943,,55549.6,เงินเดือน,บัวหลวง (ต่อ),THB,05/06/2025,,False
1944,จ่ายบิล,-600,ค่าส่วนกลางหมู่บ้าน,บัวหลวง (ต่อ),THB,05/06/2025,,False
1945,,-7259.25,จ่ายบัตรเครดิต,บัวหลวง (ต่อ),THB,05/06/2025,,False
1946,,-2100,สปา,บัวหลวง (ต่อ),THB,05/06/2025,,False
1947,,-90,ข้าวกลางวัน,บัวหลวง (ต่อ),THB,04/06/2025,,False
1948,,-145,ข้าวเย็น,บัวหลวง (ต่อ),THB,04/06/2025,,False
1949,,30,โอนเงินเข้า,บัวหลวง (ต่อ),THB,03/06/2025,,False
1950,,-126,ข้าวกลางวัน,บัวหลวง (ต่อ),THB,03/06/2025,,False
1951,,-417,ค่าใช้จ่ายอื่นๆ,บัวหลวง (ต่อ),THB,02/06/2025,,False
1952,,-122,ข้าวกลางวัน,บัวหลวง (ต่อ),THB,02/06/2025,,False
1953,,-3784,shoppe,บัวหลวง (ต่อ),THB,02/06/2025,,False
1954,,-131,อาหาร & เครื่องดื่ม,บัวหลวง (ต่อ),THB,31/05/2025,,False
1955,,-220,อาหาร & เครื่องดื่ม,บัวหลวง (ต่อ),THB,31/05/2025,,False
1956,,200,โอนเงินเข้า,บัวหลวง (ต่อ),THB,31/05/2025,,False
1957,,-169,ข้าวกลางวัน,บัวหลวง (ต่อ),THB,31/05/2025,,False
1958,,-25,คาเฟ่,บัวหลวง (ต่อ),THB,30/05/2025,,False
1959,,-121,ข้าวกลางวัน,บัวหลวง (ต่อ),THB,30/05/2025,,False
1960,,-100,ข้าวกลางวัน,บัวหลวง (ต่อ),THB,29/05/2025,,False
1961,,-86,ข้าวกลางวัน,บัวหลวง (ต่อ),THB,28/05/2025,,False
1962,,-177,อาหาร & เครื่องดื่ม,บัวหลวง (ต่อ),THB,27/05/2025,,False
1963,,-96,ข้าวกลางวัน,บัวหลวง (ต่อ),THB,27/05/2025,,False
1964,โอนซื้อfitwhay,-1622.07,อาหาร & เครื่องดื่ม,บัวหลวง (ต่อ),THB,26/05/2025,,False
1965,,1622.07,รายได้อื่นๆ,บัวหลวง (ต่อ),THB,26/05/2025,,False
1966,,-25,คาเฟ่,บัวหลวง (ต่อ),THB,26/05/2025,,False
1967,,-86,ข้าวกลางวัน,บัวหลวง (ต่อ),THB,26/05/2025,,False
1968,Fitwhey,-3705,ค่ายา,บัวหลวง (ต่อ),THB,26/05/2025,,False
1969,,1980,เงินปันผล,บัวหลวง (ต่อ),THB,26/05/2025,,False
1970,,-90,บันเทิง,บัวหลวง (ต่อ),THB,25/05/2025,,False
1971,,-945,ค่าใช้จ่ายอื่นๆ,บัวหลวง (ต่อ),THB,25/05/2025,,False
1972,,95,โอนเงินเข้า,บัวหลวง (ต่อ),THB,25/05/2025,,False
1973,,-1350.07,ค่าไฟฟ้า,บัวหลวง (ต่อ),THB,25/05/2025,,False
1974,,-13000,ค่าผ่อนบ้าน,บัวหลวง (ต่อ),THB,25/05/2025,,False
1975,,-95,ข้าวเช้า,บัวหลวง (ต่อ),THB,25/05/2025,,False
1976,,-100,ค่าใช้จ่ายอื่นๆ,บัวหลวง (ต่อ),THB,24/05/2025,,False
1977,,5000,โอนเงินเข้า,บัวหลวง (ต่อ),THB,24/05/2025,,False
1978,,-50,ข้าวกลางวัน,บัวหลวง (ต่อ),THB,24/05/2025,,False
1979,,-50,คาเฟ่,บัวหลวง (ต่อ),THB,23/05/2025,,False
1980,,-47,ข้าวกลางวัน,บัวหลวง (ต่อ),THB,23/05/2025,,False
1981,,-78,ข้าวกลางวัน,บัวหลวง (ต่อ),THB,23/05/2025,,False
1982,,-388,ข้าวเย็น,บัวหลวง (ต่อ),THB,23/05/2025,,False
1983,,-600,ปาตี้,บัวหลวง (ต่อ),THB,23/05/2025,,False
1984,,-500,สปา,บัวหลวง (ต่อ),THB,23/05/2025,,False
1985,,972,เงินปันผล,บัวหลวง (ต่อ),THB,23/05/2025,,False
1986,,-5315.32,การลงทุน,บัวหลวง (ต่อ),THB,22/05/2025,,False
1987,,-88,ข้าวกลางวัน,บัวหลวง (ต่อ),THB,22/05/2025,,False
1988,,-50,ข้าวเย็น,บัวหลวง (ต่อ),THB,22/05/2025,,False
1989,,4567.5,เงินปันผล,บัวหลวง (ต่อ),THB,22/05/2025,,False
1990,,-25,คาเฟ่,บัวหลวง (ต่อ),THB,21/05/2025,,False
1991,,-80,ข้าวกลางวัน,บัวหลวง (ต่อ),THB,21/05/2025,,False
1992,,-290,ข้าวเย็น,บัวหลวง (ต่อ),THB,21/05/2025,,False
1993,,-749,ค่าอินเตอร์เน็ต,บัวหลวง (ต่อ),THB,20/05/2025,,False
1994,,-25,คาเฟ่,บัวหลวง (ต่อ),THB,20/05/2025,,False
1995,,-86,ข้าวกลางวัน,บัวหลวง (ต่อ),THB,20/05/2025,,False
1996,,-500,น้ำมันรถ,บัวหลวง (ต่อ),THB,19/05/2025,,False
1997,,-25,คาเฟ่,บัวหลวง (ต่อ),THB,19/05/2025,,False
1998,,-157,ข้าวกลางวัน,บัวหลวง (ต่อ),THB,19/05/2025,,False
1999,,-90,น้ำมันรถ,บัวหลวง (ต่อ),THB,18/05/2025,,False
2000,,-86,ข้าวกลางวัน,บัวหลวง (ต่อ),THB,18/05/2025,,False
2001,,-25,คาเฟ่,บัวหลวง (ต่อ),THB,17/05/2025,,False
2002,,-90,ข้าวกลางวัน,บัวหลวง (ต่อ),THB,17/05/2025,,False
2003,,-60,กีฬา,บัวหลวง (ต่อ),THB,17/05/2025,,False
2004,,-90,ข้าวกลางวัน,บัวหลวง (ต่อ),THB,16/05/2025,,False
2005,,600,โอนเงินเข้า,บัวหลวง (ต่อ),THB,15/05/2025,,False
2006,,-117,ข้าวกลางวัน,บัวหลวง (ต่อ),THB,15/05/2025,,False
2007,,-118,ข้าวกลางวัน,บัวหลวง (ต่อ),THB,14/05/2025,,False
2008,,-55,ข้าวเย็น,บัวหลวง (ต่อ),THB,14/05/2025,,False
2009,,-110,ข้าวกลางวัน,บัวหลวง (ต่อ),THB,13/05/2025,,False
2010,,-1500,สปา,บัวหลวง (ต่อ),THB,13/05/2025,,False
2011,,-105,ข้าวกลางวัน,บัวหลวง (ต่อ),THB,12/05/2025,,False
2012,,-60,กีฬา,บัวหลวง (ต่อ),THB,12/05/2025,,False
2013,,-697,ช้อปปิ้ง,บัวหลวง (ต่อ),THB,11/05/2025,,False
2014,,-83,ข้าวเช้า,บัวหลวง (ต่อ),THB,11/05/2025,,False
2015,,-70,กีฬา,บัวหลวง (ต่อ),THB,11/05/2025,,False
2016,,-111,ข้าวกลางวัน,บัวหลวง (ต่อ),THB,10/05/2025,,False
2017,,-55,ข้าวเย็น,บัวหลวง (ต่อ),THB,10/05/2025,,False
2018,,-102,ข้าวกลางวัน,บัวหลวง (ต่อ),THB,09/05/2025,,False
2019,,-5000,การลงทุน,บัวหลวง (ต่อ),THB,08/05/2025,,False
2020,,-102,ข้าวกลางวัน,บัวหลวง (ต่อ),THB,08/05/2025,,False
2021,,-55,ข้าวเย็น,บัวหลวง (ต่อ),THB,08/05/2025,,False
2022,,5985,เงินปันผล,บัวหลวง (ต่อ),THB,08/05/2025,,False
2023,,-694,ค่าใช้จ่ายอื่นๆ,บัวหลวง (ต่อ),THB,07/05/2025,,False
2024,,-141.24,ค่าน้ำประปา,บัวหลวง (ต่อ),THB,07/05/2025,,False
2025,,-106,ข้าวกลางวัน,บัวหลวง (ต่อ),THB,07/05/2025,,False
2026,,-55,ข้าวเย็น,บัวหลวง (ต่อ),THB,07/05/2025,,False
2027,Fitway,-3627,ค่ายา,บัวหลวง (ต่อ),THB,07/05/2025,,False
2028,,-15000,การลงทุน,บัวหลวง (ต่อ),THB,06/05/2025,,False
2029,,-90,น้ำมันรถ,บัวหลวง (ต่อ),THB,06/05/2025,,False
2030,,-105,ข้าวกลางวัน,บัวหลวง (ต่อ),THB,06/05/2025,,False
2031,,51963.35,เงินเดือน,บัวหลวง (ต่อ),THB,05/05/2025,,False
2032,,-500,น้ำมันรถ,บัวหลวง (ต่อ),THB,05/05/2025,,False
2033,จ่ายบิล,-600,ค่าส่วนกลางหมู่บ้าน,บัวหลวง (ต่อ),THB,05/05/2025,,False
2034,,-3789,จ่ายบัตรเครดิต,บัวหลวง (ต่อ),THB,05/05/2025,,False
2035,,-60,กีฬา,บัวหลวง (ต่อ),THB,05/05/2025,,False
2036,,-1600,สปา,บัวหลวง (ต่อ),THB,05/05/2025,,False
2037,,-70,ค่าใช้จ่ายอื่นๆ,บัวหลวง (ต่อ),THB,04/05/2025,,False
2038,,-83,ข้าวเช้า,บัวหลวง (ต่อ),THB,04/05/2025,,False
2039,,-426.93,ข้าวกลางวัน,บัวหลวง (ต่อ),THB,03/05/2025,,False
2040,,-77,ค่าใช้จ่ายอื่นๆ,บัวหลวง (ต่อ),THB,02/05/2025,,False
2041,,-69,ข้าวกลางวัน,บัวหลวง (ต่อ),THB,02/05/2025,,False
2042,,-120,ช้อปปิ้ง,บัวหลวง (ต่อ),THB,01/05/2025,,False
2043,,-2500,สปา,บัวหลวง (ต่อ),THB,01/05/2025,,False
2044,,-8971.56,จ่ายบัตรเครดิต,บัวหลวง (ต่อ),THB,30/04/2025,,False
2045,,-299,ข้าวกลางวัน,บัวหลวง (ต่อ),THB,29/04/2025,,False
2046,,-129,ล้างรถ,บัวหลวง (ต่อ),THB,27/04/2025,,False
2047,,-94,ข้าวกลางวัน,บัวหลวง (ต่อ),THB,26/04/2025,,False
2048,,-6500,ค่าผ่อนบ้าน,บัวหลวง (ต่อ),THB,25/04/2025,,False
2049,,-72,ข้าวกลางวัน,บัวหลวง (ต่อ),THB,25/04/2025,,False
2050,,-358,หนังสือ,บัวหลวง (ต่อ),THB,24/04/2025,,False
2051,,-63,ข้าวกลางวัน,บัวหลวง (ต่อ),THB,24/04/2025,,False
2052,,-700,บันเทิง,บัวหลวง (ต่อ),THB,23/04/2025,,False
2053,,-18,ค่าใช้จ่ายอื่นๆ,บัวหลวง (ต่อ),THB,23/04/2025,,False
2054,,5000,โอนเงินเข้า,บัวหลวง (ต่อ),THB,23/04/2025,,False
2055,,-949.95,ค่าไฟฟ้า,บัวหลวง (ต่อ),THB,23/04/2025,,False
2056,,-349,ข้าวกลางวัน,บัวหลวง (ต่อ),THB,23/04/2025,,False
2057,,-107,ข้าวเย็น,บัวหลวง (ต่อ),THB,23/04/2025,,False
2058,,-298,กีฬา,บัวหลวง (ต่อ),THB,23/04/2025,,False
2059,,-1500,สปา,บัวหลวง (ต่อ),THB,23/04/2025,,False
2060,,-77,ข้าวกลางวัน,บัวหลวง (ต่อ),THB,22/04/2025,,False
2061,,-145,ข้าวเย็น,บัวหลวง (ต่อ),THB,22/04/2025,,False
2062,,-84,ข้าวกลางวัน,บัวหลวง (ต่อ),THB,21/04/2025,,False
2063,,-65,ข้าวเย็น,บัวหลวง (ต่อ),THB,21/04/2025,,False
2064,,-100,น้ำมันรถ,บัวหลวง (ต่อ),THB,20/04/2025,,False
2065,,-749,ค่าอินเตอร์เน็ต,บัวหลวง (ต่อ),THB,20/04/2025,,False
2066,,-110,ข้าวกลางวัน,บัวหลวง (ต่อ),THB,20/04/2025,,False
2067,,-74,ข้าวกลางวัน,บัวหลวง (ต่อ),THB,19/04/2025,,False
2068,,-37,ข้าวเย็น,บัวหลวง (ต่อ),THB,19/04/2025,,False
2069,,-82,ข้าวกลางวัน,บัวหลวง (ต่อ),THB,18/04/2025,,False
2070,,-75,ข้าวกลางวัน,บัวหลวง (ต่อ),THB,17/04/2025,,False
2071,,-300,ข้าวกลางวัน,บัวหลวง (ต่อ),THB,15/04/2025,,False
2072,,-55,ข้าวกลางวัน,บัวหลวง (ต่อ),THB,14/04/2025,,False
2073,,-85,ข้าวเย็น,บัวหลวง (ต่อ),THB,13/04/2025,,False
2074,,-1000,สปา,บัวหลวง (ต่อ),THB,13/04/2025,,False
2075,,-500,น้ำมันรถ,บัวหลวง (ต่อ),THB,12/04/2025,,False
2076,,-481.5,ปาตี้,บัวหลวง (ต่อ),THB,12/04/2025,,False
2077,หยุดงาน สงกราน2วัน,-789,ช้อปปิ้ง,บัวหลวง (ต่อ),THB,11/04/2025,,False
2078,,-97,ข้าวกลางวัน,บัวหลวง (ต่อ),THB,11/04/2025,,False
2079,,-77,ข้าวกลางวัน,บัวหลวง (ต่อ),THB,10/04/2025,,False
2080,,-6,อาหาร & เครื่องดื่ม,บัวหลวง (ต่อ),THB,09/04/2025,,False
2081,,-52,ข้าวกลางวัน,บัวหลวง (ต่อ),THB,09/04/2025,,False
2082,,-20000,การลงทุน,บัวหลวง (ต่อ),THB,08/04/2025,,False
2083,,-57,ข้าวกลางวัน,บัวหลวง (ต่อ),THB,08/04/2025,,False
2084,,-209,ข้าวเย็น,บัวหลวง (ต่อ),THB,08/04/2025,,False
2085,,-450,ปาตี้,บัวหลวง (ต่อ),THB,08/04/2025,,False
2086,ทำอาหาร tempe,-434,ช้อปปิ้ง,บัวหลวง (ต่อ),THB,07/04/2025,,False
2087,,-60,ค่าใช้จ่ายอื่นๆ,บัวหลวง (ต่อ),THB,07/04/2025,,False
2088,ค่าแบตรถ,-2461,ค่าใช้จ่ายอื่นๆ,บัวหลวง (ต่อ),THB,07/04/2025,,False
2089,,-90,น้ำมันรถ,บัวหลวง (ต่อ),THB,07/04/2025,,False
2090,,-500,น้ำมันรถ,บัวหลวง (ต่อ),THB,07/04/2025,,False
2091,,-20,ค่าโทรศัพท์,บัวหลวง (ต่อ),THB,07/04/2025,,False
2092,,-350,ตัดผม,บัวหลวง (ต่อ),THB,07/04/2025,,False
2093,,-38,ผลไม้,บัวหลวง (ต่อ),THB,07/04/2025,,False
2094,,-135,ข้าวเช้า,บัวหลวง (ต่อ),THB,06/04/2025,,False
2095,,-178,ข้าวเย็น,บัวหลวง (ต่อ),THB,06/04/2025,,False
2096,,-1000,ตัดหญ้า แต่งกิ่ง,บัวหลวง (ต่อ),THB,06/04/2025,,False
2097,ไซรัป,-447,ช้อปปิ้ง,บัวหลวง (ต่อ),THB,05/04/2025,,False
2098,,58234.8,เงินเดือน,บัวหลวง (ต่อ),THB,05/04/2025,,False
2099,,-600,ค่าส่วนกลางหมู่บ้าน,บัวหลวง (ต่อ),THB,05/04/2025,,False
2100,จ่ายบิล,-8897.45,จ่ายบัตรเครดิต,บัวหลวง (ต่อ),THB,05/04/2025,,False
2101,,-45,ข้าวเช้า,บัวหลวง (ต่อ),THB,05/04/2025,,False
2102,,-93,ข้าวกลางวัน,บัวหลวง (ต่อ),THB,05/04/2025,,False
2103,,-65,ข้าวเย็น,บัวหลวง (ต่อ),THB,05/04/2025,,False
2104,,-2652,สุขภาพ & ฟิตเนส,บัวหลวง (ต่อ),THB,04/04/2025,,False
2105,,-25,คาเฟ่,บัวหลวง (ต่อ),THB,04/04/2025,,False
2106,,-76,ข้าวกลางวัน,บัวหลวง (ต่อ),THB,04/04/2025,,False
2107,,-42,ข้าวเย็น,บัวหลวง (ต่อ),THB,04/04/2025,,False
2108,,-100,ขนม,บัวหลวง (ต่อ),THB,04/04/2025,,False
2109,,-25,คาเฟ่,บัวหลวง (ต่อ),THB,03/04/2025,,False
2110,,-81,ข้าวกลางวัน,บัวหลวง (ต่อ),THB,03/04/2025,,False
2111,,-44,ข้าวเย็น,บัวหลวง (ต่อ),THB,03/04/2025,,False
2112,,-25,คาเฟ่,บัวหลวง (ต่อ),THB,02/04/2025,,False
2113,,-45,ข้าวเช้า,บัวหลวง (ต่อ),THB,02/04/2025,,False
2114,,-73,ข้าวกลางวัน,บัวหลวง (ต่อ),THB,02/04/2025,,False
2115,,-130,ข้าวเย็น,บัวหลวง (ต่อ),THB,02/04/2025,,False
2116,,-502,ขนม,บัวหลวง (ต่อ),THB,02/04/2025,,False
2117,,-25,คาเฟ่,บัวหลวง (ต่อ),THB,01/04/2025,,False
2118,,-45,ข้าวกลางวัน,บัวหลวง (ต่อ),THB,01/04/2025,,False
2119,,-39,ขนม,บัวหลวง (ต่อ),THB,01/04/2025,,False
2120,,-45,ข้าวเช้า,บัวหลวง (ต่อ),THB,31/03/2025,,False
2121,,-73,ข้าวกลางวัน,บัวหลวง (ต่อ),THB,31/03/2025,,False
2122,,-658,ข้าวเย็น,บัวหลวง (ต่อ),THB,30/03/2025,,False
2123,,-10,ข้าวเช้า,บัวหลวง (ต่อ),THB,29/03/2025,,False
2124,,-76,ข้าวกลางวัน,บัวหลวง (ต่อ),THB,29/03/2025,,False
2125,,-25,คาเฟ่,บัวหลวง (ต่อ),THB,28/03/2025,,False
2126,,-45,ข้าวเช้า,บัวหลวง (ต่อ),THB,28/03/2025,,False
2127,,-86,ข้าวกลางวัน,บัวหลวง (ต่อ),THB,28/03/2025,,False
2128,,-163,ข้าวเย็น,บัวหลวง (ต่อ),THB,28/03/2025,,False
2129,,-100.1,น้ำมันรถ,บัวหลวง (ต่อ),THB,27/03/2025,,False
2130,,-45,ข้าวเช้า,บัวหลวง (ต่อ),THB,27/03/2025,,False
2131,,-86,ข้าวกลางวัน,บัวหลวง (ต่อ),THB,27/03/2025,,False
2132,,-75,ข้าวเย็น,บัวหลวง (ต่อ),THB,27/03/2025,,False
2133,,-25,คาเฟ่,บัวหลวง (ต่อ),THB,26/03/2025,,False
2134,,-71,ข้าวกลางวัน,บัวหลวง (ต่อ),THB,26/03/2025,,False
2135,,-120,ข้าวเย็น,บัวหลวง (ต่อ),THB,26/03/2025,,False
2136,จ่ายบิล,-13000,ค่าผ่อนบ้าน,บัวหลวง (ต่อ),THB,25/03/2025,,False
2137,,-25,คาเฟ่,บัวหลวง (ต่อ),THB,25/03/2025,,False
2138,,-45,ข้าวเช้า,บัวหลวง (ต่อ),THB,25/03/2025,,False
2139,,-86,ข้าวกลางวัน,บัวหลวง (ต่อ),THB,25/03/2025,,False
2140,,-120,ข้าวเย็น,บัวหลวง (ต่อ),THB,25/03/2025,,False
2141,,5000,โอนเงินเข้า,บัวหลวง (ต่อ),THB,24/03/2025,,False
2142,,-1054.73,ค่าไฟฟ้า,บัวหลวง (ต่อ),THB,24/03/2025,,False
2143,,-25,คาเฟ่,บัวหลวง (ต่อ),THB,24/03/2025,,False
2144,,-83,ข้าวกลางวัน,บัวหลวง (ต่อ),THB,24/03/2025,,False
2145,,-60,ข้าวเย็น,บัวหลวง (ต่อ),THB,24/03/2025,,False
2146,,-179,ขนม,บัวหลวง (ต่อ),THB,24/03/2025,,False
2147,,-145,คาเฟ่,บัวหลวง (ต่อ),THB,23/03/2025,,False
2148,,-98,ข้าวกลางวัน,บัวหลวง (ต่อ),THB,23/03/2025,,False
2149,,-170,ข้าวเย็น,บัวหลวง (ต่อ),THB,23/03/2025,,False
2150,,-34,คาเฟ่,บัวหลวง (ต่อ),THB,22/03/2025,,False
2151,,-45,ข้าวเช้า,บัวหลวง (ต่อ),THB,22/03/2025,,False
2152,,-116,ข้าวกลางวัน,บัวหลวง (ต่อ),THB,22/03/2025,,False
2153,,-60,ข้าวเย็น,บัวหลวง (ต่อ),THB,22/03/2025,,False
2154,สติ้กเกอร์,-285,ช้อปปิ้ง,บัวหลวง (ต่อ),THB,21/03/2025,,False
2155,,-65,ค่าใช้จ่ายอื่นๆ,บัวหลวง (ต่อ),THB,21/03/2025,,False
2156,คืนภาษี,955.34,โอนเงินเข้า,บัวหลวง (ต่อ),THB,21/03/2025,,False
2157,,-45,ข้าวเช้า,บัวหลวง (ต่อ),THB,21/03/2025,,False
2158,,-45,ข้าวกลางวัน,บัวหลวง (ต่อ),THB,21/03/2025,,False
2159,,-75,ข้าวเย็น,บัวหลวง (ต่อ),THB,21/03/2025,,False
2160,จ่ายบิล,-749,ค่าอินเตอร์เน็ต,บัวหลวง (ต่อ),THB,20/03/2025,,False
2161,,-34,คาเฟ่,บัวหลวง (ต่อ),THB,20/03/2025,,False
2162,,-45,ข้าวเช้า,บัวหลวง (ต่อ),THB,20/03/2025,,False
2163,,-76,ข้าวกลางวัน,บัวหลวง (ต่อ),THB,20/03/2025,,False
2164,,-50,ข้าวเย็น,บัวหลวง (ต่อ),THB,20/03/2025,,False
2165,,-25,คาเฟ่,บัวหลวง (ต่อ),THB,19/03/2025,,False
2166,,-76,ข้าวกลางวัน,บัวหลวง (ต่อ),THB,19/03/2025,,False
2167,,-44,ข้าวเย็น,บัวหลวง (ต่อ),THB,19/03/2025,,False
2168,,-79,ค่าใช้จ่ายอื่นๆ,บัวหลวง (ต่อ),THB,18/03/2025,,False
2169,,-95.1,น้ำมันรถ,บัวหลวง (ต่อ),THB,18/03/2025,,False
2170,,-45,ข้าวเช้า,บัวหลวง (ต่อ),THB,18/03/2025,,False
2171,,-79,ข้าวกลางวัน,บัวหลวง (ต่อ),THB,18/03/2025,,False
2172,,-74,ข้าวเย็น,บัวหลวง (ต่อ),THB,18/03/2025,,False
2173,,-25,คาเฟ่,บัวหลวง (ต่อ),THB,17/03/2025,,False
2174,,-55,ข้าวเย็น,บัวหลวง (ต่อ),THB,17/03/2025,,False
2175,,-25,คาเฟ่,บัวหลวง (ต่อ),THB,15/03/2025,,False
2176,,-45,ข้าวเช้า,บัวหลวง (ต่อ),THB,15/03/2025,,False
2177,,-98,ข้าวกลางวัน,บัวหลวง (ต่อ),THB,15/03/2025,,False
2178,,-120,ข้าวเย็น,บัวหลวง (ต่อ),THB,15/03/2025,,False
2179,,-50,คาเฟ่,บัวหลวง (ต่อ),THB,14/03/2025,,False
2180,,-79,ข้าวกลางวัน,บัวหลวง (ต่อ),THB,14/03/2025,,False
2181,,-79,ข้าวกลางวัน,บัวหลวง (ต่อ),THB,13/03/2025,,False
2182,,-450,ปาตี้,บัวหลวง (ต่อ),THB,13/03/2025,,False
2183,,-25,คาเฟ่,บัวหลวง (ต่อ),THB,12/03/2025,,False
2184,,-45,ข้าวเช้า,บัวหลวง (ต่อ),THB,12/03/2025,,False
2185,,-74,ข้าวกลางวัน,บัวหลวง (ต่อ),THB,12/03/2025,,False
2186,,-75,ข้าวเย็น,บัวหลวง (ต่อ),THB,12/03/2025,,False
2187,,-34,คาเฟ่,บัวหลวง (ต่อ),THB,11/03/2025,,False
2188,,-25,คาเฟ่,บัวหลวง (ต่อ),THB,11/03/2025,,False
2189,,-79,ข้าวกลางวัน,บัวหลวง (ต่อ),THB,11/03/2025,,False
2190,,-70,ข้าวเย็น,บัวหลวง (ต่อ),THB,11/03/2025,,False
2191,,-1500,ค่าใช้จ่ายอื่นๆ,บัวหลวง (ต่อ),THB,10/03/2025,,False
2192,,500,โอนเงินเข้า,บัวหลวง (ต่อ),THB,10/03/2025,,False
2193,,-90.2,น้ำมันรถ,บัวหลวง (ต่อ),THB,10/03/2025,,False
2194,,-496,ข้าวกลางวัน,บัวหลวง (ต่อ),THB,10/03/2025,,False
2195,,-80,คาเฟ่,บัวหลวง (ต่อ),THB,09/03/2025,,False
2196,,-50,ข้าวกลางวัน,บัวหลวง (ต่อ),THB,09/03/2025,,False
2197,,-160,ค่าบำรุงรักษา,บัวหลวง (ต่อ),THB,08/03/2025,,False
2198,,-1890,ของเล่น,บัวหลวง (ต่อ),THB,08/03/2025,,False
2199,,-80,คาเฟ่,บัวหลวง (ต่อ),THB,08/03/2025,,False
2200,,-17,คาเฟ่,บัวหลวง (ต่อ),THB,07/03/2025,,False
2201,,-25,คาเฟ่,บัวหลวง (ต่อ),THB,07/03/2025,,False
2202,,-69,ข้าวกลางวัน,บัวหลวง (ต่อ),THB,07/03/2025,,False
2203,,55,โอนเงินเข้า,บัวหลวง (ต่อ),THB,06/03/2025,,False
2204,,-25,คาเฟ่,บัวหลวง (ต่อ),THB,06/03/2025,,False
2205,,-69,ข้าวกลางวัน,บัวหลวง (ต่อ),THB,06/03/2025,,False
2206,,-110,กีฬา,บัวหลวง (ต่อ),THB,06/03/2025,,False
2207,,-10000,การลงทุน,บัวหลวง (ต่อ),THB,05/03/2025,,False
2208,,-10,ค่าใช้จ่ายอื่นๆ,บัวหลวง (ต่อ),THB,05/03/2025,,False
2209,,51670.31,เงินเดือน,บัวหลวง (ต่อ),THB,05/03/2025,,False
2210,,-500,น้ำมันรถ,บัวหลวง (ต่อ),THB,05/03/2025,,False
2211,จ่ายบิล,-600,ค่าส่วนกลางหมู่บ้าน,บัวหลวง (ต่อ),THB,05/03/2025,,False
2212,จ่ายบิล,-13308.46,จ่ายบัตรเครดิต,บัวหลวง (ต่อ),THB,05/03/2025,,False
2213,,-25,คาเฟ่,บัวหลวง (ต่อ),THB,05/03/2025,,False
2214,,-85,ข้าวกลางวัน,บัวหลวง (ต่อ),THB,05/03/2025,,False
2215,,-569,ปาตี้,บัวหลวง (ต่อ),THB,05/03/2025,,False
2216,,-25,คาเฟ่,บัวหลวง (ต่อ),THB,04/03/2025,,False
2217,,-79,ข้าวกลางวัน,บัวหลวง (ต่อ),THB,04/03/2025,,False
2218,,-60,ข้าวเย็น,บัวหลวง (ต่อ),THB,04/03/2025,,False
2219,,-45,ข้าวเช้า,บัวหลวง (ต่อ),THB,03/03/2025,,False
2220,,-74,ข้าวกลางวัน,บัวหลวง (ต่อ),THB,03/03/2025,,False
2221,,-103,กีฬา,บัวหลวง (ต่อ),THB,03/03/2025,,False
2222,,-214,จ่ายบัตรเครดิต,บัวหลวง (ต่อ),THB,02/03/2025,,False
2223,,320,โอนเงินเข้า,บัวหลวง (ต่อ),THB,01/03/2025,,False
2224,,-45,ข้าวเช้า,บัวหลวง (ต่อ),THB,01/03/2025,,False
2225,,-107,ข้าวกลางวัน,บัวหลวง (ต่อ),THB,01/03/2025,,False
2226,,-565,ช้อปปิ้ง,บัวหลวง (ต่อ),THB,28/02/2025,,False
2227,,-45,ข้าวเช้า,บัวหลวง (ต่อ),THB,28/02/2025,,False
2228,,-75,ข้าวกลางวัน,บัวหลวง (ต่อ),THB,28/02/2025,,False
2229,,-49,ข้าวเย็น,บัวหลวง (ต่อ),THB,28/02/2025,,False
2230,,42.2,รายได้อื่นๆ,บัวหลวง (ต่อ),THB,27/02/2025,,False
2231,,305,โอนเงินเข้า,บัวหลวง (ต่อ),THB,27/02/2025,,False
2232,,-45,ข้าวเช้า,บัวหลวง (ต่อ),THB,27/02/2025,,False
2233,,-90,ข้าวกลางวัน,บัวหลวง (ต่อ),THB,27/02/2025,,False
2234,,-75,ข้าวเย็น,บัวหลวง (ต่อ),THB,27/02/2025,,False
2235,,-42.2,ค่าใช้จ่ายอื่นๆ,บัวหลวง (ต่อ),THB,26/02/2025,,False
2236,,-12,คาเฟ่,บัวหลวง (ต่อ),THB,26/02/2025,,False
2237,,-25,คาเฟ่,บัวหลวง (ต่อ),THB,26/02/2025,,False
2238,,-45,ข้าวเช้า,บัวหลวง (ต่อ),THB,26/02/2025,,False
2239,,-72,ข้าวกลางวัน,บัวหลวง (ต่อ),THB,26/02/2025,,False
2240,,-55,ข้าวเย็น,บัวหลวง (ต่อ),THB,26/02/2025,,False
2241,สำรองจ่าย,-1200,กีฬา,บัวหลวง (ต่อ),THB,26/02/2025,,False
2242,,-13000,ค่าผ่อนบ้าน,บัวหลวง (ต่อ),THB,25/02/2025,,False
2243,,-553,ค่ายา,บัวหลวง (ต่อ),THB,25/02/2025,,False
2244,,0.45,รายได้อื่นๆ,บัวหลวง (ต่อ),THB,24/02/2025,,False
2245,,-42,คาเฟ่,บัวหลวง (ต่อ),THB,24/02/2025,,False
2246,,-75,ข้าวเย็น,บัวหลวง (ต่อ),THB,24/02/2025,,False
2247,,-922,ช้อปปิ้ง,บัวหลวง (ต่อ),THB,22/02/2025,,False
2248,,-45,ข้าวเช้า,บัวหลวง (ต่อ),THB,22/02/2025,,False
2249,,-81,ข้าวกลางวัน,บัวหลวง (ต่อ),THB,22/02/2025,,False
2250,,-600,อาหาร & เครื่องดื่ม,บัวหลวง (ต่อ),THB,21/02/2025,,False
2251,,5000,โอนเงินเข้า,บัวหลวง (ต่อ),THB,21/02/2025,,False
2252,,-25,คาเฟ่,บัวหลวง (ต่อ),THB,21/02/2025,,False
2253,,-45,ข้าวเช้า,บัวหลวง (ต่อ),THB,21/02/2025,,False
2254,,-85,ข้าวกลางวัน,บัวหลวง (ต่อ),THB,21/02/2025,,False
2255,,-276.45,ข้าวเย็น,บัวหลวง (ต่อ),THB,21/02/2025,,False
2256,,-377,ปาตี้,บัวหลวง (ต่อ),THB,21/02/2025,,False
2257,จ่ายบิล,-749,ค่าอินเตอร์เน็ต,บัวหลวง (ต่อ),THB,20/02/2025,,False
2258,,-25,คาเฟ่,บัวหลวง (ต่อ),THB,20/02/2025,,False
2259,,-45,ข้าวเช้า,บัวหลวง (ต่อ),THB,20/02/2025,,False
2260,,-67,ข้าวเย็น,บัวหลวง (ต่อ),THB,20/02/2025,,False
2261,,-25,คาเฟ่,บัวหลวง (ต่อ),THB,19/02/2025,,False
2262,,-45,ข้าวเช้า,บัวหลวง (ต่อ),THB,19/02/2025,,False
2263,,-85,ข้าวกลางวัน,บัวหลวง (ต่อ),THB,19/02/2025,,False
2264,,-67,ข้าวเย็น,บัวหลวง (ต่อ),THB,19/02/2025,,False
2265,,-50,คาเฟ่,บัวหลวง (ต่อ),THB,18/02/2025,,False
2266,,-45,ข้าวเช้า,บัวหลวง (ต่อ),THB,18/02/2025,,False
2267,,-87,ข้าวกลางวัน,บัวหลวง (ต่อ),THB,18/02/2025,,False
2268,,-59,ข้าวเย็น,บัวหลวง (ต่อ),THB,18/02/2025,,False
2269,,-33,ขนม,บัวหลวง (ต่อ),THB,18/02/2025,,False
2270,,-95,ข้าวกลางวัน,บัวหลวง (ต่อ),THB,17/02/2025,,False
2271,,-65,ข้าวเย็น,บัวหลวง (ต่อ),THB,17/02/2025,,False
2272,,-80,คาเฟ่,บัวหลวง (ต่อ),THB,16/02/2025,,False
2273,,-2100,สปา,บัวหลวง (ต่อ),THB,16/02/2025,,False
2274,,-25,คาเฟ่,บัวหลวง (ต่อ),THB,15/02/2025,,False
2275,,-45,ข้าวเช้า,บัวหลวง (ต่อ),THB,15/02/2025,,False
2276,,-77,ข้าวกลางวัน,บัวหลวง (ต่อ),THB,15/02/2025,,False
2277,,-25,คาเฟ่,บัวหลวง (ต่อ),THB,14/02/2025,,False
2278,,-45,ข้าวเช้า,บัวหลวง (ต่อ),THB,14/02/2025,,False
2279,,-85,ข้าวกลางวัน,บัวหลวง (ต่อ),THB,14/02/2025,,False
2280,,-67,ข้าวเย็น,บัวหลวง (ต่อ),THB,14/02/2025,,False
2281,,-33,ขนม,บัวหลวง (ต่อ),THB,14/02/2025,,False
2282,,-103,น้ำมันรถ,บัวหลวง (ต่อ),THB,13/02/2025,,False
2283,,-29,คาเฟ่,บัวหลวง (ต่อ),THB,13/02/2025,,False
2284,,-45,ข้าวเช้า,บัวหลวง (ต่อ),THB,13/02/2025,,False
2285,,-80,ข้าวกลางวัน,บัวหลวง (ต่อ),THB,13/02/2025,,False
2286,,-42,ข้าวเย็น,บัวหลวง (ต่อ),THB,13/02/2025,,False
2287,,-489,ช้อปปิ้ง,บัวหลวง (ต่อ),THB,12/02/2025,,False
2288,,-25,คาเฟ่,บัวหลวง (ต่อ),THB,12/02/2025,,False
2289,,-45,ข้าวเช้า,บัวหลวง (ต่อ),THB,12/02/2025,,False
2290,,-45,ข้าวกลางวัน,บัวหลวง (ต่อ),THB,12/02/2025,,False
2291,,-70,ข้าวเย็น,บัวหลวง (ต่อ),THB,12/02/2025,,False
2292,,-35,ขนม,บัวหลวง (ต่อ),THB,12/02/2025,,False
2293,,-45,ข้าวเช้า,บัวหลวง (ต่อ),THB,11/02/2025,,False
2294,,-85,ข้าวกลางวัน,บัวหลวง (ต่อ),THB,11/02/2025,,False
2295,,-75,ข้าวเย็น,บัวหลวง (ต่อ),THB,11/02/2025,,False
2296,,-25,คาเฟ่,บัวหลวง (ต่อ),THB,10/02/2025,,False
2297,,-85,ข้าวกลางวัน,บัวหลวง (ต่อ),THB,10/02/2025,,False
2298,,-67,ข้าวเย็น,บัวหลวง (ต่อ),THB,10/02/2025,,False
2299,,-80,คาเฟ่,บัวหลวง (ต่อ),THB,09/02/2025,,False
2300,,-142,ข้าวเย็น,บัวหลวง (ต่อ),THB,09/02/2025,,False
2301,,-10,ค่าใช้จ่ายอื่นๆ,บัวหลวง (ต่อ),THB,08/02/2025,,False
2302,,-60,คาเฟ่,บัวหลวง (ต่อ),THB,08/02/2025,,False
2303,,-27,ข้าวกลางวัน,บัวหลวง (ต่อ),THB,08/02/2025,,False
2304,,-45,ข้าวเช้า,บัวหลวง (ต่อ),THB,07/02/2025,,False
2305,,-85,ข้าวกลางวัน,บัวหลวง (ต่อ),THB,07/02/2025,,False
2306,,-72,ข้าวเย็น,บัวหลวง (ต่อ),THB,07/02/2025,,False
2307,,-33,ขนม,บัวหลวง (ต่อ),THB,07/02/2025,,False
2308,,-2300,บันเทิง,บัวหลวง (ต่อ),THB,06/02/2025,,False
2309,,-2500,ค่าโทรศัพท์,บัวหลวง (ต่อ),THB,06/02/2025,,False
2310,,-279,ข้าวกลางวัน,บัวหลวง (ต่อ),THB,06/02/2025,,False
2311,,-17000,การลงทุน,บัวหลวง (ต่อ),THB,05/02/2025,,False
2312,,55275.05,เงินเดือน,บัวหลวง (ต่อ),THB,05/02/2025,,False
2313,จ่ายบิล,-600,ค่าส่วนกลางหมู่บ้าน,บัวหลวง (ต่อ),THB,05/02/2025,,False
2314,จ่ายบิล,-5978.46,จ่ายบัตรเครดิต,บัวหลวง (ต่อ),THB,05/02/2025,,False
2315,,-25,คาเฟ่,บัวหลวง (ต่อ),THB,05/02/2025,,False
2316,,-45,ข้าวเช้า,บัวหลวง (ต่อ),THB,05/02/2025,,False
2317,,-134,ข้าวกลางวัน,บัวหลวง (ต่อ),THB,05/02/2025,,False
2318,,-208,ปาตี้,บัวหลวง (ต่อ),THB,05/02/2025,งานเลี้ยงยาโนซัง,False
2319,,-500,ปาตี้,บัวหลวง (ต่อ),THB,05/02/2025,งานเลี้ยงยาโนซัง,False
2320,,-45,ข้าวเช้า,บัวหลวง (ต่อ),THB,04/02/2025,,False
2321,,-87,ข้าวกลางวัน,บัวหลวง (ต่อ),THB,04/02/2025,,False
2322,,-148,ข้าวเย็น,บัวหลวง (ต่อ),THB,04/02/2025,,False
2323,,-25,อาหาร & เครื่องดื่ม,บัวหลวง (ต่อ),THB,03/02/2025,,False
2324,,-30,อาหาร & เครื่องดื่ม,บัวหลวง (ต่อ),THB,03/02/2025,,False
2325,,-179,คาเฟ่,บัวหลวง (ต่อ),THB,03/02/2025,,False
2326,,-45,ข้าวเช้า,บัวหลวง (ต่อ),THB,03/02/2025,,False
2327,,-85,ข้าวกลางวัน,บัวหลวง (ต่อ),THB,03/02/2025,,False
2328,,-100,กีฬา,บัวหลวง (ต่อ),THB,03/02/2025,,False
2329,ยอดเงินเริ่มต้น,6412.85,รายได้อื่นๆ,บัวหลวง (ต่อ),THB,02/02/2025,,False
